id,kode_provinsi,nama_provinsi,kode_kabupaten_kota,nama_kabupaten_kota,jenis_kelamin,kategori_usia,jumlah_korban,satuan,tahun
1,32,JAWA BARAT,3201,KABUPATEN BOGOR,LAKI-LAKI,0-5 TAHUN,0,ORANG,2018
2,32,JAWA BARAT,3201,KABUPATEN BOGOR,LAKI-LAKI,6-12 TAHUN,0,ORANG,2018
3,32,JAWA BARAT,3201,KABUPATEN BOGOR,LAKI-LAKI,13-17 TAHUN,0,ORANG,2018
4,32,JAWA BARAT,3201,KABUPATEN BOGOR,LAKI-LAKI,18-24 TAHUN,0,ORANG,2018
5,32,JAWA BARAT,3201,KABUPATEN BOGOR,LAKI-LAKI,25-44 TAHUN,0,ORANG,2018
6,32,JAWA BARAT,3201,KABUPATEN BOGOR,LAKI-LAKI,45-59 TAHUN,0,ORANG,2018
7,32,JAWA BARAT,3201,KABUPATEN BOGOR,LAKI-LAKI,60+ TAHUN,0,ORANG,2018
8,32,JAWA BARAT,3201,KABUPATEN BOGOR,PEREMPUAN,0-5 TAHUN,0,ORANG,2018
9,32,JAWA BARAT,3201,KABUPATEN BOGOR,PEREMPUAN,6-12 TAHUN,0,ORANG,2018
10,32,JAWA BARAT,3201,KABUPATEN BOGOR,PEREMPUAN,13-17 TAHUN,1,ORANG,2018
11,32,JAWA BARAT,3201,KABUPATEN BOGOR,PEREMPUAN,18-24 TAHUN,0,ORANG,2018
12,32,JAWA BARAT,3201,KABUPATEN BOGOR,PEREMPUAN,25-44 TAHUN,0,ORANG,2018
13,32,JAWA BARAT,3201,KABUPATEN BOGOR,PEREMPUAN,45-59 TAHUN,1,ORANG,2018
14,32,JAWA BARAT,3201,KABUPATEN BOGOR,PEREMPUAN,60+ TAHUN,0,ORANG,2018
15,32,JAWA BARAT,3201,KABUPATEN BOGOR,LAKI-LAKI,0-5 TAHUN,2,ORANG,2021
16,32,JAWA BARAT,3201,KABUPATEN BOGOR,LAKI-LAKI,6-12 TAHUN,0,ORANG,2021
17,32,JAWA BARAT,3201,KABUPATEN BOGOR,LAKI-LAKI,13-17 TAHUN,1,ORANG,2021
18,32,JAWA BARAT,3201,KABUPATEN BOGOR,LAKI-LAKI,18-24 TAHUN,0,ORANG,2021
19,32,JAWA BARAT,3201,KABUPATEN BOGOR,LAKI-LAKI,25-44 TAHUN,0,ORANG,2021
20,32,JAWA BARAT,3201,KABUPATEN BOGOR,LAKI-LAKI,45-59 TAHUN,0,ORANG,2021
21,32,JAWA BARAT,3201,KABUPATEN BOGOR,LAKI-LAKI,60+ TAHUN,0,ORANG,2021
22,32,JAWA BARAT,3201,KABUPATEN BOGOR,PEREMPUAN,0-5 TAHUN,1,ORANG,2021
23,32,JAWA BARAT,3201,KABUPATEN BOGOR,PEREMPUAN,6-12 TAHUN,2,ORANG,2021
24,32,JAWA BARAT,3201,KABUPATEN BOGOR,PEREMPUAN,13-17 TAHUN,7,ORANG,2021
25,32,JAWA BARAT,3201,KABUPATEN BOGOR,PEREMPUAN,18-24 TAHUN,4,ORANG,2021
26,32,JAWA BARAT,3201,KABUPATEN BOGOR,PEREMPUAN,25-44 TAHUN,3,ORANG,2021
27,32,JAWA BARAT,3201,KABUPATEN BOGOR,PEREMPUAN,45-59 TAHUN,0,ORANG,2021
28,32,JAWA BARAT,3201,KABUPATEN BOGOR,PEREMPUAN,60+ TAHUN,0,ORANG,2021
29,32,JAWA BARAT,3202,KABUPATEN SUKABUMI,LAKI-LAKI,0-5 TAHUN,0,ORANG,2018
30,32,JAWA BARAT,3202,KABUPATEN SUKABUMI,LAKI-LAKI,6-12 TAHUN,3,ORANG,2018
31,32,JAWA BARAT,3202,KABUPATEN SUKABUMI,LAKI-LAKI,13-17 TAHUN,2,ORANG,2018
32,32,JAWA BARAT,3202,KABUPATEN SUKABUMI,LAKI-LAKI,18-24 TAHUN,0,ORANG,2018
33,32,JAWA BARAT,3202,KABUPATEN SUKABUMI,LAKI-LAKI,25-44 TAHUN,0,ORANG,2018
34,32,JAWA BARAT,3202,KABUPATEN SUKABUMI,LAKI-LAKI,45-59 TAHUN,0,ORANG,2018
35,32,JAWA BARAT,3202,KABUPATEN SUKABUMI,LAKI-LAKI,60+ TAHUN,0,ORANG,2018
36,32,JAWA BARAT,3202,KABUPATEN SUKABUMI,PEREMPUAN,0-5 TAHUN,0,ORANG,2018
37,32,JAWA BARAT,3202,KABUPATEN SUKABUMI,PEREMPUAN,6-12 TAHUN,7,ORANG,2018
38,32,JAWA BARAT,3202,KABUPATEN SUKABUMI,PEREMPUAN,13-17 TAHUN,12,ORANG,2018
39,32,JAWA BARAT,3202,KABUPATEN SUKABUMI,PEREMPUAN,18-24 TAHUN,0,ORANG,2018
40,32,JAWA BARAT,3202,KABUPATEN SUKABUMI,PEREMPUAN,25-44 TAHUN,10,ORANG,2018
41,32,JAWA BARAT,3202,KABUPATEN SUKABUMI,PEREMPUAN,45-59 TAHUN,0,ORANG,2018
42,32,JAWA BARAT,3202,KABUPATEN SUKABUMI,PEREMPUAN,60+ TAHUN,0,ORANG,2018
43,32,JAWA BARAT,3202,KABUPATEN SUKABUMI,LAKI-LAKI,0-5 TAHUN,0,ORANG,2021
44,32,JAWA BARAT,3202,KABUPATEN SUKABUMI,LAKI-LAKI,6-12 TAHUN,2,ORANG,2021
45,32,JAWA BARAT,3202,KABUPATEN SUKABUMI,LAKI-LAKI,13-17 TAHUN,0,ORANG,2021
46,32,JAWA BARAT,3202,KABUPATEN SUKABUMI,LAKI-LAKI,18-24 TAHUN,0,ORANG,2021
47,32,JAWA BARAT,3202,KABUPATEN SUKABUMI,LAKI-LAKI,25-44 TAHUN,0,ORANG,2021
48,32,JAWA BARAT,3202,KABUPATEN SUKABUMI,LAKI-LAKI,45-59 TAHUN,0,ORANG,2021
49,32,JAWA BARAT,3202,KABUPATEN SUKABUMI,LAKI-LAKI,60+ TAHUN,0,ORANG,2021
50,32,JAWA BARAT,3202,KABUPATEN SUKABUMI,PEREMPUAN,0-5 TAHUN,2,ORANG,2021
51,32,JAWA BARAT,3202,KABUPATEN SUKABUMI,PEREMPUAN,6-12 TAHUN,3,ORANG,2021
52,32,JAWA BARAT,3202,KABUPATEN SUKABUMI,PEREMPUAN,13-17 TAHUN,10,ORANG,2021
53,32,JAWA BARAT,3202,KABUPATEN SUKABUMI,PEREMPUAN,18-24 TAHUN,6,ORANG,2021
54,32,JAWA BARAT,3202,KABUPATEN SUKABUMI,PEREMPUAN,25-44 TAHUN,5,ORANG,2021
55,32,JAWA BARAT,3202,KABUPATEN SUKABUMI,PEREMPUAN,45-59 TAHUN,0,ORANG,2021
56,32,JAWA BARAT,3202,KABUPATEN SUKABUMI,PEREMPUAN,60+ TAHUN,0,ORANG,2021
57,32,JAWA BARAT,3203,KABUPATEN CIANJUR,LAKI-LAKI,0-5 TAHUN,1,ORANG,2018
58,32,JAWA BARAT,3203,KABUPATEN CIANJUR,LAKI-LAKI,6-12 TAHUN,3,ORANG,2018
59,32,JAWA BARAT,3203,KABUPATEN CIANJUR,LAKI-LAKI,13-17 TAHUN,0,ORANG,2018
60,32,JAWA BARAT,3203,KABUPATEN CIANJUR,LAKI-LAKI,18-24 TAHUN,0,ORANG,2018
61,32,JAWA BARAT,3203,KABUPATEN CIANJUR,LAKI-LAKI,25-44 TAHUN,0,ORANG,2018
62,32,JAWA BARAT,3203,KABUPATEN CIANJUR,LAKI-LAKI,45-59 TAHUN,0,ORANG,2018
63,32,JAWA BARAT,3203,KABUPATEN CIANJUR,LAKI-LAKI,60+ TAHUN,0,ORANG,2018
64,32,JAWA BARAT,3203,KABUPATEN CIANJUR,PEREMPUAN,0-5 TAHUN,0,ORANG,2018
65,32,JAWA BARAT,3203,KABUPATEN CIANJUR,PEREMPUAN,6-12 TAHUN,0,ORANG,2018
66,32,JAWA BARAT,3203,KABUPATEN CIANJUR,PEREMPUAN,13-17 TAHUN,0,ORANG,2018
67,32,JAWA BARAT,3203,KABUPATEN CIANJUR,PEREMPUAN,18-24 TAHUN,0,ORANG,2018
68,32,JAWA BARAT,3203,KABUPATEN CIANJUR,PEREMPUAN,25-44 TAHUN,0,ORANG,2018
69,32,JAWA BARAT,3203,KABUPATEN CIANJUR,PEREMPUAN,45-59 TAHUN,0,ORANG,2018
70,32,JAWA BARAT,3203,KABUPATEN CIANJUR,PEREMPUAN,60+ TAHUN,0,ORANG,2018
71,32,JAWA BARAT,3203,KABUPATEN CIANJUR,LAKI-LAKI,0-5 TAHUN,0,ORANG,2021
72,32,JAWA BARAT,3203,KABUPATEN CIANJUR,LAKI-LAKI,6-12 TAHUN,3,ORANG,2021
73,32,JAWA BARAT,3203,KABUPATEN CIANJUR,LAKI-LAKI,13-17 TAHUN,1,ORANG,2021
74,32,JAWA BARAT,3203,KABUPATEN CIANJUR,LAKI-LAKI,18-24 TAHUN,0,ORANG,2021
75,32,JAWA BARAT,3203,KABUPATEN CIANJUR,LAKI-LAKI,25-44 TAHUN,0,ORANG,2021
76,32,JAWA BARAT,3203,KABUPATEN CIANJUR,LAKI-LAKI,45-59 TAHUN,0,ORANG,2021
77,32,JAWA BARAT,3203,KABUPATEN CIANJUR,LAKI-LAKI,60+ TAHUN,0,ORANG,2021
78,32,JAWA BARAT,3203,KABUPATEN CIANJUR,PEREMPUAN,0-5 TAHUN,0,ORANG,2021
79,32,JAWA BARAT,3203,KABUPATEN CIANJUR,PEREMPUAN,6-12 TAHUN,2,ORANG,2021
80,32,JAWA BARAT,3203,KABUPATEN CIANJUR,PEREMPUAN,13-17 TAHUN,0,ORANG,2021
81,32,JAWA BARAT,3203,KABUPATEN CIANJUR,PEREMPUAN,18-24 TAHUN,2,ORANG,2021
82,32,JAWA BARAT,3203,KABUPATEN CIANJUR,PEREMPUAN,25-44 TAHUN,7,ORANG,2021
83,32,JAWA BARAT,3203,KABUPATEN CIANJUR,PEREMPUAN,45-59 TAHUN,0,ORANG,2021
84,32,JAWA BARAT,3203,KABUPATEN CIANJUR,PEREMPUAN,60+ TAHUN,0,ORANG,2021
85,32,JAWA BARAT,3204,KABUPATEN BANDUNG,LAKI-LAKI,0-5 TAHUN,0,ORANG,2018
86,32,JAWA BARAT,3204,KABUPATEN BANDUNG,PEREMPUAN,13-17 TAHUN,10,ORANG,2018
87,32,JAWA BARAT,3204,KABUPATEN BANDUNG,PEREMPUAN,18-24 TAHUN,3,ORANG,2018
88,32,JAWA BARAT,3204,KABUPATEN BANDUNG,PEREMPUAN,25-44 TAHUN,3,ORANG,2018
89,32,JAWA BARAT,3204,KABUPATEN BANDUNG,PEREMPUAN,45-59 TAHUN,1,ORANG,2018
90,32,JAWA BARAT,3204,KABUPATEN BANDUNG,PEREMPUAN,60+ TAHUN,0,ORANG,2018
91,32,JAWA BARAT,3204,KABUPATEN BANDUNG,LAKI-LAKI,6-12 TAHUN,3,ORANG,2018
92,32,JAWA BARAT,3204,KABUPATEN BANDUNG,LAKI-LAKI,13-17 TAHUN,6,ORANG,2018
93,32,JAWA BARAT,3204,KABUPATEN BANDUNG,LAKI-LAKI,18-24 TAHUN,1,ORANG,2018
94,32,JAWA BARAT,3204,KABUPATEN BANDUNG,LAKI-LAKI,25-44 TAHUN,0,ORANG,2018
95,32,JAWA BARAT,3204,KABUPATEN BANDUNG,LAKI-LAKI,45-59 TAHUN,0,ORANG,2018
96,32,JAWA BARAT,3204,KABUPATEN BANDUNG,LAKI-LAKI,60+ TAHUN,0,ORANG,2018
97,32,JAWA BARAT,3204,KABUPATEN BANDUNG,PEREMPUAN,0-5 TAHUN,8,ORANG,2018
98,32,JAWA BARAT,3204,KABUPATEN BANDUNG,PEREMPUAN,6-12 TAHUN,17,ORANG,2018
99,32,JAWA BARAT,3204,KABUPATEN BANDUNG,LAKI-LAKI,0-5 TAHUN,0,ORANG,2021
100,32,JAWA BARAT,3204,KABUPATEN BANDUNG,LAKI-LAKI,6-12 TAHUN,2,ORANG,2021
101,32,JAWA BARAT,3204,KABUPATEN BANDUNG,LAKI-LAKI,13-17 TAHUN,1,ORANG,2021
102,32,JAWA BARAT,3204,KABUPATEN BANDUNG,LAKI-LAKI,18-24 TAHUN,0,ORANG,2021
103,32,JAWA BARAT,3204,KABUPATEN BANDUNG,LAKI-LAKI,25-44 TAHUN,0,ORANG,2021
104,32,JAWA BARAT,3204,KABUPATEN BANDUNG,LAKI-LAKI,45-59 TAHUN,0,ORANG,2021
105,32,JAWA BARAT,3204,KABUPATEN BANDUNG,LAKI-LAKI,60+ TAHUN,0,ORANG,2021
106,32,JAWA BARAT,3204,KABUPATEN BANDUNG,PEREMPUAN,0-5 TAHUN,2,ORANG,2021
107,32,JAWA BARAT,3204,KABUPATEN BANDUNG,PEREMPUAN,6-12 TAHUN,8,ORANG,2021
108,32,JAWA BARAT,3204,KABUPATEN BANDUNG,PEREMPUAN,13-17 TAHUN,12,ORANG,2021
109,32,JAWA BARAT,3204,KABUPATEN BANDUNG,PEREMPUAN,18-24 TAHUN,9,ORANG,2021
110,32,JAWA BARAT,3204,KABUPATEN BANDUNG,PEREMPUAN,25-44 TAHUN,7,ORANG,2021
111,32,JAWA BARAT,3204,KABUPATEN BANDUNG,PEREMPUAN,45-59 TAHUN,2,ORANG,2021
112,32,JAWA BARAT,3204,KABUPATEN BANDUNG,PEREMPUAN,60+ TAHUN,0,ORANG,2021
113,32,JAWA BARAT,3205,KABUPATEN GARUT,LAKI-LAKI,6-12 TAHUN,0,ORANG,2018
114,32,JAWA BARAT,3205,KABUPATEN GARUT,LAKI-LAKI,13-17 TAHUN,0,ORANG,2018
115,32,JAWA BARAT,3205,KABUPATEN GARUT,LAKI-LAKI,18-24 TAHUN,0,ORANG,2018
116,32,JAWA BARAT,3205,KABUPATEN GARUT,LAKI-LAKI,25-44 TAHUN,0,ORANG,2018
117,32,JAWA BARAT,3205,KABUPATEN GARUT,LAKI-LAKI,45-59 TAHUN,0,ORANG,2018
118,32,JAWA BARAT,3205,KABUPATEN GARUT,LAKI-LAKI,60+ TAHUN,0,ORANG,2018
119,32,JAWA BARAT,3205,KABUPATEN GARUT,PEREMPUAN,0-5 TAHUN,0,ORANG,2018
120,32,JAWA BARAT,3205,KABUPATEN GARUT,PEREMPUAN,6-12 TAHUN,1,ORANG,2018
121,32,JAWA BARAT,3205,KABUPATEN GARUT,PEREMPUAN,13-17 TAHUN,1,ORANG,2018
122,32,JAWA BARAT,3205,KABUPATEN GARUT,PEREMPUAN,18-24 TAHUN,0,ORANG,2018
123,32,JAWA BARAT,3205,KABUPATEN GARUT,PEREMPUAN,25-44 TAHUN,0,ORANG,2018
124,32,JAWA BARAT,3205,KABUPATEN GARUT,PEREMPUAN,45-59 TAHUN,0,ORANG,2018
125,32,JAWA BARAT,3205,KABUPATEN GARUT,PEREMPUAN,60+ TAHUN,0,ORANG,2018
126,32,JAWA BARAT,3205,KABUPATEN GARUT,LAKI-LAKI,0-5 TAHUN,2,ORANG,2018
127,32,JAWA BARAT,3205,KABUPATEN GARUT,LAKI-LAKI,0-5 TAHUN,0,ORANG,2021
128,32,JAWA BARAT,3205,KABUPATEN GARUT,LAKI-LAKI,6-12 TAHUN,0,ORANG,2021
129,32,JAWA BARAT,3205,KABUPATEN GARUT,LAKI-LAKI,13-17 TAHUN,0,ORANG,2021
130,32,JAWA BARAT,3205,KABUPATEN GARUT,LAKI-LAKI,18-24 TAHUN,0,ORANG,2021
131,32,JAWA BARAT,3205,KABUPATEN GARUT,LAKI-LAKI,25-44 TAHUN,0,ORANG,2021
132,32,JAWA BARAT,3205,KABUPATEN GARUT,LAKI-LAKI,45-59 TAHUN,0,ORANG,2021
133,32,JAWA BARAT,3205,KABUPATEN GARUT,LAKI-LAKI,60+ TAHUN,0,ORANG,2021
134,32,JAWA BARAT,3205,KABUPATEN GARUT,PEREMPUAN,0-5 TAHUN,0,ORANG,2021
135,32,JAWA BARAT,3205,KABUPATEN GARUT,PEREMPUAN,6-12 TAHUN,0,ORANG,2021
136,32,JAWA BARAT,3205,KABUPATEN GARUT,PEREMPUAN,13-17 TAHUN,4,ORANG,2021
137,32,JAWA BARAT,3205,KABUPATEN GARUT,PEREMPUAN,18-24 TAHUN,1,ORANG,2021
138,32,JAWA BARAT,3205,KABUPATEN GARUT,PEREMPUAN,25-44 TAHUN,0,ORANG,2021
139,32,JAWA BARAT,3205,KABUPATEN GARUT,PEREMPUAN,45-59 TAHUN,1,ORANG,2021
140,32,JAWA BARAT,3205,KABUPATEN GARUT,PEREMPUAN,60+ TAHUN,0,ORANG,2021
141,32,JAWA BARAT,3206,KABUPATEN TASIKMALAYA,LAKI-LAKI,0-5 TAHUN,2,ORANG,2018
142,32,JAWA BARAT,3206,KABUPATEN TASIKMALAYA,LAKI-LAKI,6-12 TAHUN,1,ORANG,2018
143,32,JAWA BARAT,3206,KABUPATEN TASIKMALAYA,LAKI-LAKI,13-17 TAHUN,0,ORANG,2018
144,32,JAWA BARAT,3206,KABUPATEN TASIKMALAYA,LAKI-LAKI,18-24 TAHUN,1,ORANG,2018
145,32,JAWA BARAT,3206,KABUPATEN TASIKMALAYA,LAKI-LAKI,25-44 TAHUN,0,ORANG,2018
146,32,JAWA BARAT,3206,KABUPATEN TASIKMALAYA,LAKI-LAKI,45-59 TAHUN,0,ORANG,2018
147,32,JAWA BARAT,3206,KABUPATEN TASIKMALAYA,LAKI-LAKI,60+ TAHUN,0,ORANG,2018
148,32,JAWA BARAT,3206,KABUPATEN TASIKMALAYA,PEREMPUAN,0-5 TAHUN,1,ORANG,2018
149,32,JAWA BARAT,3206,KABUPATEN TASIKMALAYA,PEREMPUAN,6-12 TAHUN,4,ORANG,2018
150,32,JAWA BARAT,3206,KABUPATEN TASIKMALAYA,PEREMPUAN,13-17 TAHUN,8,ORANG,2018
151,32,JAWA BARAT,3206,KABUPATEN TASIKMALAYA,PEREMPUAN,18-24 TAHUN,5,ORANG,2018
152,32,JAWA BARAT,3206,KABUPATEN TASIKMALAYA,PEREMPUAN,25-44 TAHUN,1,ORANG,2018
153,32,JAWA BARAT,3206,KABUPATEN TASIKMALAYA,PEREMPUAN,45-59 TAHUN,0,ORANG,2018
154,32,JAWA BARAT,3206,KABUPATEN TASIKMALAYA,PEREMPUAN,60+ TAHUN,0,ORANG,2018
155,32,JAWA BARAT,3206,KABUPATEN TASIKMALAYA,LAKI-LAKI,0-5 TAHUN,1,ORANG,2021
156,32,JAWA BARAT,3206,KABUPATEN TASIKMALAYA,LAKI-LAKI,6-12 TAHUN,2,ORANG,2021
157,32,JAWA BARAT,3206,KABUPATEN TASIKMALAYA,LAKI-LAKI,13-17 TAHUN,9,ORANG,2021
158,32,JAWA BARAT,3206,KABUPATEN TASIKMALAYA,LAKI-LAKI,18-24 TAHUN,1,ORANG,2021
159,32,JAWA BARAT,3206,KABUPATEN TASIKMALAYA,LAKI-LAKI,25-44 TAHUN,1,ORANG,2021
160,32,JAWA BARAT,3206,KABUPATEN TASIKMALAYA,LAKI-LAKI,45-59 TAHUN,0,ORANG,2021
161,32,JAWA BARAT,3206,KABUPATEN TASIKMALAYA,LAKI-LAKI,60+ TAHUN,0,ORANG,2021
162,32,JAWA BARAT,3206,KABUPATEN TASIKMALAYA,PEREMPUAN,0-5 TAHUN,1,ORANG,2021
163,32,JAWA BARAT,3206,KABUPATEN TASIKMALAYA,PEREMPUAN,6-12 TAHUN,5,ORANG,2021
164,32,JAWA BARAT,3206,KABUPATEN TASIKMALAYA,PEREMPUAN,13-17 TAHUN,16,ORANG,2021
165,32,JAWA BARAT,3206,KABUPATEN TASIKMALAYA,PEREMPUAN,18-24 TAHUN,0,ORANG,2021
166,32,JAWA BARAT,3206,KABUPATEN TASIKMALAYA,PEREMPUAN,25-44 TAHUN,7,ORANG,2021
167,32,JAWA BARAT,3206,KABUPATEN TASIKMALAYA,PEREMPUAN,45-59 TAHUN,0,ORANG,2021
168,32,JAWA BARAT,3206,KABUPATEN TASIKMALAYA,PEREMPUAN,60+ TAHUN,0,ORANG,2021
169,32,JAWA BARAT,3207,KABUPATEN CIAMIS,LAKI-LAKI,0-5 TAHUN,0,ORANG,2018
170,32,JAWA BARAT,3207,KABUPATEN CIAMIS,LAKI-LAKI,6-12 TAHUN,0,ORANG,2018
171,32,JAWA BARAT,3207,KABUPATEN CIAMIS,LAKI-LAKI,13-17 TAHUN,0,ORANG,2018
172,32,JAWA BARAT,3207,KABUPATEN CIAMIS,LAKI-LAKI,18-24 TAHUN,0,ORANG,2018
173,32,JAWA BARAT,3207,KABUPATEN CIAMIS,LAKI-LAKI,25-44 TAHUN,0,ORANG,2018
174,32,JAWA BARAT,3207,KABUPATEN CIAMIS,LAKI-LAKI,45-59 TAHUN,0,ORANG,2018
175,32,JAWA BARAT,3207,KABUPATEN CIAMIS,LAKI-LAKI,60+ TAHUN,0,ORANG,2018
176,32,JAWA BARAT,3207,KABUPATEN CIAMIS,PEREMPUAN,0-5 TAHUN,0,ORANG,2018
177,32,JAWA BARAT,3207,KABUPATEN CIAMIS,PEREMPUAN,6-12 TAHUN,1,ORANG,2018
178,32,JAWA BARAT,3207,KABUPATEN CIAMIS,PEREMPUAN,13-17 TAHUN,0,ORANG,2018
179,32,JAWA BARAT,3207,KABUPATEN CIAMIS,PEREMPUAN,18-24 TAHUN,1,ORANG,2018
180,32,JAWA BARAT,3207,KABUPATEN CIAMIS,PEREMPUAN,25-44 TAHUN,2,ORANG,2018
181,32,JAWA BARAT,3207,KABUPATEN CIAMIS,PEREMPUAN,45-59 TAHUN,1,ORANG,2018
182,32,JAWA BARAT,3207,KABUPATEN CIAMIS,PEREMPUAN,60+ TAHUN,0,ORANG,2018
183,32,JAWA BARAT,3207,KABUPATEN CIAMIS,LAKI-LAKI,0-5 TAHUN,0,ORANG,2021
184,32,JAWA BARAT,3207,KABUPATEN CIAMIS,LAKI-LAKI,6-12 TAHUN,0,ORANG,2021
185,32,JAWA BARAT,3207,KABUPATEN CIAMIS,LAKI-LAKI,13-17 TAHUN,1,ORANG,2021
186,32,JAWA BARAT,3207,KABUPATEN CIAMIS,LAKI-LAKI,18-24 TAHUN,0,ORANG,2021
187,32,JAWA BARAT,3207,KABUPATEN CIAMIS,LAKI-LAKI,25-44 TAHUN,0,ORANG,2021
188,32,JAWA BARAT,3207,KABUPATEN CIAMIS,LAKI-LAKI,45-59 TAHUN,0,ORANG,2021
189,32,JAWA BARAT,3207,KABUPATEN CIAMIS,LAKI-LAKI,60+ TAHUN,0,ORANG,2021
190,32,JAWA BARAT,3207,KABUPATEN CIAMIS,PEREMPUAN,0-5 TAHUN,0,ORANG,2021
191,32,JAWA BARAT,3207,KABUPATEN CIAMIS,PEREMPUAN,6-12 TAHUN,0,ORANG,2021
192,32,JAWA BARAT,3207,KABUPATEN CIAMIS,PEREMPUAN,13-17 TAHUN,0,ORANG,2021
193,32,JAWA BARAT,3207,KABUPATEN CIAMIS,PEREMPUAN,18-24 TAHUN,0,ORANG,2021
194,32,JAWA BARAT,3207,KABUPATEN CIAMIS,PEREMPUAN,25-44 TAHUN,0,ORANG,2021
195,32,JAWA BARAT,3207,KABUPATEN CIAMIS,PEREMPUAN,45-59 TAHUN,0,ORANG,2021
196,32,JAWA BARAT,3207,KABUPATEN CIAMIS,PEREMPUAN,60+ TAHUN,0,ORANG,2021
197,32,JAWA BARAT,3208,KABUPATEN KUNINGAN,LAKI-LAKI,0-5 TAHUN,0,ORANG,2018
198,32,JAWA BARAT,3208,KABUPATEN KUNINGAN,LAKI-LAKI,6-12 TAHUN,0,ORANG,2018
199,32,JAWA BARAT,3208,KABUPATEN KUNINGAN,LAKI-LAKI,13-17 TAHUN,5,ORANG,2018
200,32,JAWA BARAT,3208,KABUPATEN KUNINGAN,LAKI-LAKI,18-24 TAHUN,0,ORANG,2018
201,32,JAWA BARAT,3208,KABUPATEN KUNINGAN,LAKI-LAKI,25-44 TAHUN,0,ORANG,2018
202,32,JAWA BARAT,3208,KABUPATEN KUNINGAN,LAKI-LAKI,45-59 TAHUN,0,ORANG,2018
203,32,JAWA BARAT,3208,KABUPATEN KUNINGAN,LAKI-LAKI,60+ TAHUN,0,ORANG,2018
204,32,JAWA BARAT,3208,KABUPATEN KUNINGAN,PEREMPUAN,0-5 TAHUN,0,ORANG,2018
205,32,JAWA BARAT,3208,KABUPATEN KUNINGAN,PEREMPUAN,6-12 TAHUN,4,ORANG,2018
206,32,JAWA BARAT,3208,KABUPATEN KUNINGAN,PEREMPUAN,13-17 TAHUN,7,ORANG,2018
207,32,JAWA BARAT,3208,KABUPATEN KUNINGAN,PEREMPUAN,18-24 TAHUN,0,ORANG,2018
208,32,JAWA BARAT,3208,KABUPATEN KUNINGAN,PEREMPUAN,25-44 TAHUN,0,ORANG,2018
209,32,JAWA BARAT,3208,KABUPATEN KUNINGAN,PEREMPUAN,45-59 TAHUN,0,ORANG,2018
210,32,JAWA BARAT,3208,KABUPATEN KUNINGAN,PEREMPUAN,60+ TAHUN,0,ORANG,2018
211,32,JAWA BARAT,3208,KABUPATEN KUNINGAN,LAKI-LAKI,0-5 TAHUN,0,ORANG,2021
212,32,JAWA BARAT,3208,KABUPATEN KUNINGAN,LAKI-LAKI,6-12 TAHUN,0,ORANG,2021
213,32,JAWA BARAT,3208,KABUPATEN KUNINGAN,LAKI-LAKI,13-17 TAHUN,0,ORANG,2021
214,32,JAWA BARAT,3208,KABUPATEN KUNINGAN,LAKI-LAKI,18-24 TAHUN,0,ORANG,2021
215,32,JAWA BARAT,3208,KABUPATEN KUNINGAN,LAKI-LAKI,25-44 TAHUN,0,ORANG,2021
216,32,JAWA BARAT,3208,KABUPATEN KUNINGAN,LAKI-LAKI,45-59 TAHUN,0,ORANG,2021
217,32,JAWA BARAT,3208,KABUPATEN KUNINGAN,LAKI-LAKI,60+ TAHUN,0,ORANG,2021
218,32,JAWA BARAT,3208,KABUPATEN KUNINGAN,PEREMPUAN,0-5 TAHUN,0,ORANG,2021
219,32,JAWA BARAT,3208,KABUPATEN KUNINGAN,PEREMPUAN,6-12 TAHUN,0,ORANG,2021
220,32,JAWA BARAT,3208,KABUPATEN KUNINGAN,PEREMPUAN,13-17 TAHUN,0,ORANG,2021
221,32,JAWA BARAT,3208,KABUPATEN KUNINGAN,PEREMPUAN,18-24 TAHUN,0,ORANG,2021
222,32,JAWA BARAT,3208,KABUPATEN KUNINGAN,PEREMPUAN,25-44 TAHUN,0,ORANG,2021
223,32,JAWA BARAT,3208,KABUPATEN KUNINGAN,PEREMPUAN,45-59 TAHUN,0,ORANG,2021
224,32,JAWA BARAT,3208,KABUPATEN KUNINGAN,PEREMPUAN,60+ TAHUN,0,ORANG,2021
225,32,JAWA BARAT,3209,KABUPATEN CIREBON,LAKI-LAKI,0-5 TAHUN,1,ORANG,2018
226,32,JAWA BARAT,3209,KABUPATEN CIREBON,LAKI-LAKI,6-12 TAHUN,0,ORANG,2018
227,32,JAWA BARAT,3209,KABUPATEN CIREBON,LAKI-LAKI,13-17 TAHUN,1,ORANG,2018
228,32,JAWA BARAT,3209,KABUPATEN CIREBON,LAKI-LAKI,18-24 TAHUN,0,ORANG,2018
229,32,JAWA BARAT,3209,KABUPATEN CIREBON,LAKI-LAKI,25-44 TAHUN,0,ORANG,2018
230,32,JAWA BARAT,3209,KABUPATEN CIREBON,LAKI-LAKI,45-59 TAHUN,0,ORANG,2018
231,32,JAWA BARAT,3209,KABUPATEN CIREBON,LAKI-LAKI,60+ TAHUN,0,ORANG,2018
232,32,JAWA BARAT,3209,KABUPATEN CIREBON,PEREMPUAN,0-5 TAHUN,1,ORANG,2018
233,32,JAWA BARAT,3209,KABUPATEN CIREBON,PEREMPUAN,6-12 TAHUN,6,ORANG,2018
234,32,JAWA BARAT,3209,KABUPATEN CIREBON,PEREMPUAN,13-17 TAHUN,5,ORANG,2018
235,32,JAWA BARAT,3209,KABUPATEN CIREBON,PEREMPUAN,18-24 TAHUN,2,ORANG,2018
236,32,JAWA BARAT,3209,KABUPATEN CIREBON,PEREMPUAN,25-44 TAHUN,1,ORANG,2018
237,32,JAWA BARAT,3209,KABUPATEN CIREBON,PEREMPUAN,45-59 TAHUN,0,ORANG,2018
238,32,JAWA BARAT,3209,KABUPATEN CIREBON,PEREMPUAN,60+ TAHUN,0,ORANG,2018
239,32,JAWA BARAT,3209,KABUPATEN CIREBON,LAKI-LAKI,0-5 TAHUN,1,ORANG,2021
240,32,JAWA BARAT,3209,KABUPATEN CIREBON,LAKI-LAKI,6-12 TAHUN,1,ORANG,2021
241,32,JAWA BARAT,3209,KABUPATEN CIREBON,LAKI-LAKI,13-17 TAHUN,0,ORANG,2021
242,32,JAWA BARAT,3209,KABUPATEN CIREBON,LAKI-LAKI,18-24 TAHUN,0,ORANG,2021
243,32,JAWA BARAT,3209,KABUPATEN CIREBON,LAKI-LAKI,25-44 TAHUN,0,ORANG,2021
244,32,JAWA BARAT,3209,KABUPATEN CIREBON,LAKI-LAKI,45-59 TAHUN,0,ORANG,2021
245,32,JAWA BARAT,3209,KABUPATEN CIREBON,LAKI-LAKI,60+ TAHUN,0,ORANG,2021
246,32,JAWA BARAT,3209,KABUPATEN CIREBON,PEREMPUAN,0-5 TAHUN,1,ORANG,2021
247,32,JAWA BARAT,3209,KABUPATEN CIREBON,PEREMPUAN,6-12 TAHUN,1,ORANG,2021
248,32,JAWA BARAT,3209,KABUPATEN CIREBON,PEREMPUAN,13-17 TAHUN,1,ORANG,2021
249,32,JAWA BARAT,3209,KABUPATEN CIREBON,PEREMPUAN,18-24 TAHUN,1,ORANG,2021
250,32,JAWA BARAT,3209,KABUPATEN CIREBON,PEREMPUAN,25-44 TAHUN,1,ORANG,2021
251,32,JAWA BARAT,3209,KABUPATEN CIREBON,PEREMPUAN,45-59 TAHUN,0,ORANG,2021
252,32,JAWA BARAT,3209,KABUPATEN CIREBON,PEREMPUAN,60+ TAHUN,0,ORANG,2021
253,32,JAWA BARAT,3210,KABUPATEN MAJALENGKA,LAKI-LAKI,0-5 TAHUN,0,ORANG,2018
254,32,JAWA BARAT,3210,KABUPATEN MAJALENGKA,LAKI-LAKI,6-12 TAHUN,1,ORANG,2018
255,32,JAWA BARAT,3210,KABUPATEN MAJALENGKA,LAKI-LAKI,13-17 TAHUN,2,ORANG,2018
256,32,JAWA BARAT,3210,KABUPATEN MAJALENGKA,LAKI-LAKI,18-24 TAHUN,0,ORANG,2018
257,32,JAWA BARAT,3210,KABUPATEN MAJALENGKA,LAKI-LAKI,25-44 TAHUN,0,ORANG,2018
258,32,JAWA BARAT,3210,KABUPATEN MAJALENGKA,LAKI-LAKI,45-59 TAHUN,0,ORANG,2018
259,32,JAWA BARAT,3210,KABUPATEN MAJALENGKA,LAKI-LAKI,60+ TAHUN,0,ORANG,2018
260,32,JAWA BARAT,3210,KABUPATEN MAJALENGKA,PEREMPUAN,0-5 TAHUN,1,ORANG,2018
261,32,JAWA BARAT,3210,KABUPATEN MAJALENGKA,PEREMPUAN,6-12 TAHUN,0,ORANG,2018
262,32,JAWA BARAT,3210,KABUPATEN MAJALENGKA,PEREMPUAN,13-17 TAHUN,7,ORANG,2018
263,32,JAWA BARAT,3210,KABUPATEN MAJALENGKA,PEREMPUAN,18-24 TAHUN,0,ORANG,2018
264,32,JAWA BARAT,3210,KABUPATEN MAJALENGKA,PEREMPUAN,25-44 TAHUN,1,ORANG,2018
265,32,JAWA BARAT,3210,KABUPATEN MAJALENGKA,PEREMPUAN,45-59 TAHUN,0,ORANG,2018
266,32,JAWA BARAT,3210,KABUPATEN MAJALENGKA,PEREMPUAN,60+ TAHUN,0,ORANG,2018
267,32,JAWA BARAT,3210,KABUPATEN MAJALENGKA,LAKI-LAKI,0-5 TAHUN,0,ORANG,2021
268,32,JAWA BARAT,3210,KABUPATEN MAJALENGKA,LAKI-LAKI,6-12 TAHUN,0,ORANG,2021
269,32,JAWA BARAT,3210,KABUPATEN MAJALENGKA,LAKI-LAKI,13-17 TAHUN,0,ORANG,2021
270,32,JAWA BARAT,3210,KABUPATEN MAJALENGKA,LAKI-LAKI,18-24 TAHUN,0,ORANG,2021
271,32,JAWA BARAT,3210,KABUPATEN MAJALENGKA,LAKI-LAKI,25-44 TAHUN,0,ORANG,2021
272,32,JAWA BARAT,3210,KABUPATEN MAJALENGKA,LAKI-LAKI,45-59 TAHUN,0,ORANG,2021
273,32,JAWA BARAT,3210,KABUPATEN MAJALENGKA,LAKI-LAKI,60+ TAHUN,0,ORANG,2021
274,32,JAWA BARAT,3210,KABUPATEN MAJALENGKA,PEREMPUAN,0-5 TAHUN,0,ORANG,2021
275,32,JAWA BARAT,3210,KABUPATEN MAJALENGKA,PEREMPUAN,6-12 TAHUN,1,ORANG,2021
276,32,JAWA BARAT,3210,KABUPATEN MAJALENGKA,PEREMPUAN,13-17 TAHUN,4,ORANG,2021
277,32,JAWA BARAT,3210,KABUPATEN MAJALENGKA,PEREMPUAN,18-24 TAHUN,0,ORANG,2021
278,32,JAWA BARAT,3210,KABUPATEN MAJALENGKA,PEREMPUAN,25-44 TAHUN,0,ORANG,2021
279,32,JAWA BARAT,3210,KABUPATEN MAJALENGKA,PEREMPUAN,45-59 TAHUN,0,ORANG,2021
280,32,JAWA BARAT,3210,KABUPATEN MAJALENGKA,PEREMPUAN,60+ TAHUN,0,ORANG,2021
281,32,JAWA BARAT,3211,KABUPATEN SUMEDANG,LAKI-LAKI,0-5 TAHUN,0,ORANG,2018
282,32,JAWA BARAT,3211,KABUPATEN SUMEDANG,LAKI-LAKI,6-12 TAHUN,1,ORANG,2018
283,32,JAWA BARAT,3211,KABUPATEN SUMEDANG,LAKI-LAKI,13-17 TAHUN,1,ORANG,2018
284,32,JAWA BARAT,3211,KABUPATEN SUMEDANG,LAKI-LAKI,18-24 TAHUN,0,ORANG,2018
285,32,JAWA BARAT,3211,KABUPATEN SUMEDANG,LAKI-LAKI,25-44 TAHUN,0,ORANG,2018
286,32,JAWA BARAT,3211,KABUPATEN SUMEDANG,LAKI-LAKI,45-59 TAHUN,0,ORANG,2018
287,32,JAWA BARAT,3211,KABUPATEN SUMEDANG,LAKI-LAKI,60+ TAHUN,0,ORANG,2018
288,32,JAWA BARAT,3211,KABUPATEN SUMEDANG,PEREMPUAN,0-5 TAHUN,0,ORANG,2018
289,32,JAWA BARAT,3211,KABUPATEN SUMEDANG,PEREMPUAN,6-12 TAHUN,1,ORANG,2018
290,32,JAWA BARAT,3211,KABUPATEN SUMEDANG,PEREMPUAN,13-17 TAHUN,4,ORANG,2018
291,32,JAWA BARAT,3211,KABUPATEN SUMEDANG,PEREMPUAN,18-24 TAHUN,0,ORANG,2018
292,32,JAWA BARAT,3211,KABUPATEN SUMEDANG,PEREMPUAN,25-44 TAHUN,3,ORANG,2018
293,32,JAWA BARAT,3211,KABUPATEN SUMEDANG,PEREMPUAN,45-59 TAHUN,4,ORANG,2018
294,32,JAWA BARAT,3211,KABUPATEN SUMEDANG,PEREMPUAN,60+ TAHUN,0,ORANG,2018
295,32,JAWA BARAT,3211,KABUPATEN SUMEDANG,LAKI-LAKI,0-5 TAHUN,0,ORANG,2021
296,32,JAWA BARAT,3211,KABUPATEN SUMEDANG,LAKI-LAKI,6-12 TAHUN,0,ORANG,2021
297,32,JAWA BARAT,3211,KABUPATEN SUMEDANG,LAKI-LAKI,13-17 TAHUN,0,ORANG,2021
298,32,JAWA BARAT,3211,KABUPATEN SUMEDANG,LAKI-LAKI,18-24 TAHUN,0,ORANG,2021
299,32,JAWA BARAT,3211,KABUPATEN SUMEDANG,LAKI-LAKI,25-44 TAHUN,0,ORANG,2021
300,32,JAWA BARAT,3211,KABUPATEN SUMEDANG,LAKI-LAKI,45-59 TAHUN,0,ORANG,2021
301,32,JAWA BARAT,3211,KABUPATEN SUMEDANG,LAKI-LAKI,60+ TAHUN,0,ORANG,2021
302,32,JAWA BARAT,3211,KABUPATEN SUMEDANG,PEREMPUAN,0-5 TAHUN,0,ORANG,2021
303,32,JAWA BARAT,3211,KABUPATEN SUMEDANG,PEREMPUAN,6-12 TAHUN,0,ORANG,2021
304,32,JAWA BARAT,3211,KABUPATEN SUMEDANG,PEREMPUAN,13-17 TAHUN,0,ORANG,2021
305,32,JAWA BARAT,3211,KABUPATEN SUMEDANG,PEREMPUAN,18-24 TAHUN,1,ORANG,2021
306,32,JAWA BARAT,3211,KABUPATEN SUMEDANG,PEREMPUAN,25-44 TAHUN,0,ORANG,2021
307,32,JAWA BARAT,3211,KABUPATEN SUMEDANG,PEREMPUAN,45-59 TAHUN,0,ORANG,2021
308,32,JAWA BARAT,3211,KABUPATEN SUMEDANG,PEREMPUAN,60+ TAHUN,0,ORANG,2021
309,32,JAWA BARAT,3212,KABUPATEN INDRAMAYU,LAKI-LAKI,0-5 TAHUN,0,ORANG,2018
310,32,JAWA BARAT,3212,KABUPATEN INDRAMAYU,LAKI-LAKI,6-12 TAHUN,1,ORANG,2018
311,32,JAWA BARAT,3212,KABUPATEN INDRAMAYU,LAKI-LAKI,13-17 TAHUN,0,ORANG,2018
312,32,JAWA BARAT,3212,KABUPATEN INDRAMAYU,LAKI-LAKI,18-24 TAHUN,0,ORANG,2018
313,32,JAWA BARAT,3212,KABUPATEN INDRAMAYU,LAKI-LAKI,25-44 TAHUN,0,ORANG,2018
314,32,JAWA BARAT,3212,KABUPATEN INDRAMAYU,LAKI-LAKI,45-59 TAHUN,0,ORANG,2018
315,32,JAWA BARAT,3212,KABUPATEN INDRAMAYU,LAKI-LAKI,60+ TAHUN,0,ORANG,2018
316,32,JAWA BARAT,3212,KABUPATEN INDRAMAYU,PEREMPUAN,0-5 TAHUN,1,ORANG,2018
317,32,JAWA BARAT,3212,KABUPATEN INDRAMAYU,PEREMPUAN,6-12 TAHUN,0,ORANG,2018
318,32,JAWA BARAT,3212,KABUPATEN INDRAMAYU,PEREMPUAN,13-17 TAHUN,2,ORANG,2018
319,32,JAWA BARAT,3212,KABUPATEN INDRAMAYU,PEREMPUAN,18-24 TAHUN,0,ORANG,2018
320,32,JAWA BARAT,3212,KABUPATEN INDRAMAYU,PEREMPUAN,25-44 TAHUN,1,ORANG,2018
321,32,JAWA BARAT,3212,KABUPATEN INDRAMAYU,PEREMPUAN,45-59 TAHUN,0,ORANG,2018
322,32,JAWA BARAT,3212,KABUPATEN INDRAMAYU,PEREMPUAN,60+ TAHUN,0,ORANG,2018
323,32,JAWA BARAT,3212,KABUPATEN INDRAMAYU,LAKI-LAKI,0-5 TAHUN,0,ORANG,2021
324,32,JAWA BARAT,3212,KABUPATEN INDRAMAYU,LAKI-LAKI,6-12 TAHUN,1,ORANG,2021
325,32,JAWA BARAT,3212,KABUPATEN INDRAMAYU,LAKI-LAKI,13-17 TAHUN,1,ORANG,2021
326,32,JAWA BARAT,3212,KABUPATEN INDRAMAYU,LAKI-LAKI,18-24 TAHUN,0,ORANG,2021
327,32,JAWA BARAT,3212,KABUPATEN INDRAMAYU,LAKI-LAKI,25-44 TAHUN,0,ORANG,2021
328,32,JAWA BARAT,3212,KABUPATEN INDRAMAYU,LAKI-LAKI,45-59 TAHUN,0,ORANG,2021
329,32,JAWA BARAT,3212,KABUPATEN INDRAMAYU,LAKI-LAKI,60+ TAHUN,0,ORANG,2021
330,32,JAWA BARAT,3212,KABUPATEN INDRAMAYU,PEREMPUAN,0-5 TAHUN,0,ORANG,2021
331,32,JAWA BARAT,3212,KABUPATEN INDRAMAYU,PEREMPUAN,6-12 TAHUN,1,ORANG,2021
332,32,JAWA BARAT,3212,KABUPATEN INDRAMAYU,PEREMPUAN,13-17 TAHUN,4,ORANG,2021
333,32,JAWA BARAT,3212,KABUPATEN INDRAMAYU,PEREMPUAN,18-24 TAHUN,2,ORANG,2021
334,32,JAWA BARAT,3212,KABUPATEN INDRAMAYU,PEREMPUAN,25-44 TAHUN,0,ORANG,2021
335,32,JAWA BARAT,3212,KABUPATEN INDRAMAYU,PEREMPUAN,45-59 TAHUN,0,ORANG,2021
336,32,JAWA BARAT,3212,KABUPATEN INDRAMAYU,PEREMPUAN,60+ TAHUN,0,ORANG,2021
337,32,JAWA BARAT,3213,KABUPATEN SUBANG,LAKI-LAKI,0-5 TAHUN,0,ORANG,2018
338,32,JAWA BARAT,3213,KABUPATEN SUBANG,LAKI-LAKI,6-12 TAHUN,4,ORANG,2018
339,32,JAWA BARAT,3213,KABUPATEN SUBANG,LAKI-LAKI,13-17 TAHUN,5,ORANG,2018
340,32,JAWA BARAT,3213,KABUPATEN SUBANG,LAKI-LAKI,18-24 TAHUN,0,ORANG,2018
341,32,JAWA BARAT,3213,KABUPATEN SUBANG,LAKI-LAKI,25-44 TAHUN,0,ORANG,2018
342,32,JAWA BARAT,3213,KABUPATEN SUBANG,LAKI-LAKI,45-59 TAHUN,0,ORANG,2018
343,32,JAWA BARAT,3213,KABUPATEN SUBANG,LAKI-LAKI,60+ TAHUN,0,ORANG,2018
344,32,JAWA BARAT,3213,KABUPATEN SUBANG,PEREMPUAN,0-5 TAHUN,3,ORANG,2018
345,32,JAWA BARAT,3213,KABUPATEN SUBANG,PEREMPUAN,6-12 TAHUN,8,ORANG,2018
346,32,JAWA BARAT,3213,KABUPATEN SUBANG,PEREMPUAN,13-17 TAHUN,11,ORANG,2018
347,32,JAWA BARAT,3213,KABUPATEN SUBANG,PEREMPUAN,18-24 TAHUN,11,ORANG,2018
348,32,JAWA BARAT,3213,KABUPATEN SUBANG,PEREMPUAN,25-44 TAHUN,7,ORANG,2018
349,32,JAWA BARAT,3213,KABUPATEN SUBANG,PEREMPUAN,45-59 TAHUN,0,ORANG,2018
350,32,JAWA BARAT,3213,KABUPATEN SUBANG,PEREMPUAN,60+ TAHUN,0,ORANG,2018
351,32,JAWA BARAT,3213,KABUPATEN SUBANG,LAKI-LAKI,0-5 TAHUN,0,ORANG,2021
352,32,JAWA BARAT,3213,KABUPATEN SUBANG,LAKI-LAKI,6-12 TAHUN,0,ORANG,2021
353,32,JAWA BARAT,3213,KABUPATEN SUBANG,LAKI-LAKI,13-17 TAHUN,0,ORANG,2021
354,32,JAWA BARAT,3213,KABUPATEN SUBANG,LAKI-LAKI,18-24 TAHUN,0,ORANG,2021
355,32,JAWA BARAT,3213,KABUPATEN SUBANG,LAKI-LAKI,25-44 TAHUN,0,ORANG,2021
356,32,JAWA BARAT,3213,KABUPATEN SUBANG,LAKI-LAKI,45-59 TAHUN,0,ORANG,2021
357,32,JAWA BARAT,3213,KABUPATEN SUBANG,LAKI-LAKI,60+ TAHUN,0,ORANG,2021
358,32,JAWA BARAT,3213,KABUPATEN SUBANG,PEREMPUAN,0-5 TAHUN,0,ORANG,2021
359,32,JAWA BARAT,3213,KABUPATEN SUBANG,PEREMPUAN,6-12 TAHUN,0,ORANG,2021
360,32,JAWA BARAT,3213,KABUPATEN SUBANG,PEREMPUAN,13-17 TAHUN,0,ORANG,2021
361,32,JAWA BARAT,3213,KABUPATEN SUBANG,PEREMPUAN,18-24 TAHUN,0,ORANG,2021
362,32,JAWA BARAT,3213,KABUPATEN SUBANG,PEREMPUAN,25-44 TAHUN,0,ORANG,2021
363,32,JAWA BARAT,3213,KABUPATEN SUBANG,PEREMPUAN,45-59 TAHUN,0,ORANG,2021
364,32,JAWA BARAT,3213,KABUPATEN SUBANG,PEREMPUAN,60+ TAHUN,0,ORANG,2021
365,32,JAWA BARAT,3214,KABUPATEN PURWAKARTA,LAKI-LAKI,0-5 TAHUN,0,ORANG,2018
366,32,JAWA BARAT,3214,KABUPATEN PURWAKARTA,LAKI-LAKI,6-12 TAHUN,0,ORANG,2018
367,32,JAWA BARAT,3214,KABUPATEN PURWAKARTA,LAKI-LAKI,13-17 TAHUN,2,ORANG,2018
368,32,JAWA BARAT,3214,KABUPATEN PURWAKARTA,LAKI-LAKI,18-24 TAHUN,0,ORANG,2018
369,32,JAWA BARAT,3214,KABUPATEN PURWAKARTA,LAKI-LAKI,25-44 TAHUN,1,ORANG,2018
370,32,JAWA BARAT,3214,KABUPATEN PURWAKARTA,LAKI-LAKI,45-59 TAHUN,0,ORANG,2018
371,32,JAWA BARAT,3214,KABUPATEN PURWAKARTA,LAKI-LAKI,60+ TAHUN,0,ORANG,2018
372,32,JAWA BARAT,3214,KABUPATEN PURWAKARTA,PEREMPUAN,0-5 TAHUN,0,ORANG,2018
373,32,JAWA BARAT,3214,KABUPATEN PURWAKARTA,PEREMPUAN,6-12 TAHUN,2,ORANG,2018
374,32,JAWA BARAT,3214,KABUPATEN PURWAKARTA,PEREMPUAN,13-17 TAHUN,5,ORANG,2018
375,32,JAWA BARAT,3214,KABUPATEN PURWAKARTA,PEREMPUAN,18-24 TAHUN,4,ORANG,2018
376,32,JAWA BARAT,3214,KABUPATEN PURWAKARTA,PEREMPUAN,25-44 TAHUN,3,ORANG,2018
377,32,JAWA BARAT,3214,KABUPATEN PURWAKARTA,PEREMPUAN,45-59 TAHUN,0,ORANG,2018
378,32,JAWA BARAT,3214,KABUPATEN PURWAKARTA,PEREMPUAN,60+ TAHUN,0,ORANG,2018
379,32,JAWA BARAT,3214,KABUPATEN PURWAKARTA,LAKI-LAKI,0-5 TAHUN,0,ORANG,2021
380,32,JAWA BARAT,3214,KABUPATEN PURWAKARTA,LAKI-LAKI,6-12 TAHUN,0,ORANG,2021
381,32,JAWA BARAT,3214,KABUPATEN PURWAKARTA,LAKI-LAKI,13-17 TAHUN,0,ORANG,2021
382,32,JAWA BARAT,3214,KABUPATEN PURWAKARTA,LAKI-LAKI,18-24 TAHUN,0,ORANG,2021
383,32,JAWA BARAT,3214,KABUPATEN PURWAKARTA,LAKI-LAKI,25-44 TAHUN,0,ORANG,2021
384,32,JAWA BARAT,3214,KABUPATEN PURWAKARTA,LAKI-LAKI,45-59 TAHUN,0,ORANG,2021
385,32,JAWA BARAT,3214,KABUPATEN PURWAKARTA,LAKI-LAKI,60+ TAHUN,0,ORANG,2021
386,32,JAWA BARAT,3214,KABUPATEN PURWAKARTA,PEREMPUAN,0-5 TAHUN,0,ORANG,2021
387,32,JAWA BARAT,3214,KABUPATEN PURWAKARTA,PEREMPUAN,6-12 TAHUN,0,ORANG,2021
388,32,JAWA BARAT,3214,KABUPATEN PURWAKARTA,PEREMPUAN,13-17 TAHUN,0,ORANG,2021
389,32,JAWA BARAT,3214,KABUPATEN PURWAKARTA,PEREMPUAN,18-24 TAHUN,0,ORANG,2021
390,32,JAWA BARAT,3214,KABUPATEN PURWAKARTA,PEREMPUAN,25-44 TAHUN,0,ORANG,2021
391,32,JAWA BARAT,3214,KABUPATEN PURWAKARTA,PEREMPUAN,45-59 TAHUN,0,ORANG,2021
392,32,JAWA BARAT,3214,KABUPATEN PURWAKARTA,PEREMPUAN,60+ TAHUN,0,ORANG,2021
393,32,JAWA BARAT,3215,KABUPATEN KARAWANG,LAKI-LAKI,0-5 TAHUN,1,ORANG,2018
394,32,JAWA BARAT,3215,KABUPATEN KARAWANG,LAKI-LAKI,6-12 TAHUN,1,ORANG,2018
395,32,JAWA BARAT,3215,KABUPATEN KARAWANG,LAKI-LAKI,13-17 TAHUN,1,ORANG,2018
396,32,JAWA BARAT,3215,KABUPATEN KARAWANG,LAKI-LAKI,18-24 TAHUN,0,ORANG,2018
397,32,JAWA BARAT,3215,KABUPATEN KARAWANG,LAKI-LAKI,25-44 TAHUN,2,ORANG,2018
398,32,JAWA BARAT,3215,KABUPATEN KARAWANG,LAKI-LAKI,45-59 TAHUN,0,ORANG,2018
399,32,JAWA BARAT,3215,KABUPATEN KARAWANG,LAKI-LAKI,60+ TAHUN,0,ORANG,2018
400,32,JAWA BARAT,3215,KABUPATEN KARAWANG,PEREMPUAN,0-5 TAHUN,0,ORANG,2018
401,32,JAWA BARAT,3215,KABUPATEN KARAWANG,PEREMPUAN,6-12 TAHUN,5,ORANG,2018
402,32,JAWA BARAT,3215,KABUPATEN KARAWANG,PEREMPUAN,13-17 TAHUN,7,ORANG,2018
403,32,JAWA BARAT,3215,KABUPATEN KARAWANG,PEREMPUAN,18-24 TAHUN,1,ORANG,2018
404,32,JAWA BARAT,3215,KABUPATEN KARAWANG,PEREMPUAN,25-44 TAHUN,8,ORANG,2018
405,32,JAWA BARAT,3215,KABUPATEN KARAWANG,PEREMPUAN,45-59 TAHUN,1,ORANG,2018
406,32,JAWA BARAT,3215,KABUPATEN KARAWANG,PEREMPUAN,60+ TAHUN,0,ORANG,2018
407,32,JAWA BARAT,3215,KABUPATEN KARAWANG,LAKI-LAKI,0-5 TAHUN,1,ORANG,2021
408,32,JAWA BARAT,3215,KABUPATEN KARAWANG,LAKI-LAKI,6-12 TAHUN,0,ORANG,2021
409,32,JAWA BARAT,3215,KABUPATEN KARAWANG,LAKI-LAKI,13-17 TAHUN,1,ORANG,2021
410,32,JAWA BARAT,3215,KABUPATEN KARAWANG,LAKI-LAKI,18-24 TAHUN,0,ORANG,2021
411,32,JAWA BARAT,3215,KABUPATEN KARAWANG,LAKI-LAKI,25-44 TAHUN,1,ORANG,2021
412,32,JAWA BARAT,3215,KABUPATEN KARAWANG,LAKI-LAKI,45-59 TAHUN,0,ORANG,2021
413,32,JAWA BARAT,3215,KABUPATEN KARAWANG,LAKI-LAKI,60+ TAHUN,0,ORANG,2021
414,32,JAWA BARAT,3215,KABUPATEN KARAWANG,PEREMPUAN,0-5 TAHUN,0,ORANG,2021
415,32,JAWA BARAT,3215,KABUPATEN KARAWANG,PEREMPUAN,6-12 TAHUN,1,ORANG,2021
416,32,JAWA BARAT,3215,KABUPATEN KARAWANG,PEREMPUAN,13-17 TAHUN,0,ORANG,2021
417,32,JAWA BARAT,3215,KABUPATEN KARAWANG,PEREMPUAN,18-24 TAHUN,0,ORANG,2021
418,32,JAWA BARAT,3215,KABUPATEN KARAWANG,PEREMPUAN,25-44 TAHUN,2,ORANG,2021
419,32,JAWA BARAT,3215,KABUPATEN KARAWANG,PEREMPUAN,45-59 TAHUN,0,ORANG,2021
420,32,JAWA BARAT,3215,KABUPATEN KARAWANG,PEREMPUAN,60+ TAHUN,0,ORANG,2021
421,32,JAWA BARAT,3216,KABUPATEN BEKASI,LAKI-LAKI,0-5 TAHUN,1,ORANG,2018
422,32,JAWA BARAT,3216,KABUPATEN BEKASI,LAKI-LAKI,6-12 TAHUN,1,ORANG,2018
423,32,JAWA BARAT,3216,KABUPATEN BEKASI,LAKI-LAKI,13-17 TAHUN,0,ORANG,2018
424,32,JAWA BARAT,3216,KABUPATEN BEKASI,LAKI-LAKI,18-24 TAHUN,0,ORANG,2018
425,32,JAWA BARAT,3216,KABUPATEN BEKASI,LAKI-LAKI,25-44 TAHUN,1,ORANG,2018
426,32,JAWA BARAT,3216,KABUPATEN BEKASI,LAKI-LAKI,45-59 TAHUN,0,ORANG,2018
427,32,JAWA BARAT,3216,KABUPATEN BEKASI,LAKI-LAKI,60+ TAHUN,0,ORANG,2018
428,32,JAWA BARAT,3216,KABUPATEN BEKASI,PEREMPUAN,0-5 TAHUN,0,ORANG,2018
429,32,JAWA BARAT,3216,KABUPATEN BEKASI,PEREMPUAN,6-12 TAHUN,0,ORANG,2018
430,32,JAWA BARAT,3216,KABUPATEN BEKASI,PEREMPUAN,13-17 TAHUN,1,ORANG,2018
431,32,JAWA BARAT,3216,KABUPATEN BEKASI,PEREMPUAN,18-24 TAHUN,0,ORANG,2018
432,32,JAWA BARAT,3216,KABUPATEN BEKASI,PEREMPUAN,25-44 TAHUN,1,ORANG,2018
433,32,JAWA BARAT,3216,KABUPATEN BEKASI,PEREMPUAN,45-59 TAHUN,0,ORANG,2018
434,32,JAWA BARAT,3216,KABUPATEN BEKASI,PEREMPUAN,60+ TAHUN,0,ORANG,2018
435,32,JAWA BARAT,3216,KABUPATEN BEKASI,LAKI-LAKI,0-5 TAHUN,0,ORANG,2021
436,32,JAWA BARAT,3216,KABUPATEN BEKASI,LAKI-LAKI,6-12 TAHUN,2,ORANG,2021
437,32,JAWA BARAT,3216,KABUPATEN BEKASI,LAKI-LAKI,13-17 TAHUN,1,ORANG,2021
438,32,JAWA BARAT,3216,KABUPATEN BEKASI,LAKI-LAKI,18-24 TAHUN,0,ORANG,2021
439,32,JAWA BARAT,3216,KABUPATEN BEKASI,LAKI-LAKI,25-44 TAHUN,0,ORANG,2021
440,32,JAWA BARAT,3216,KABUPATEN BEKASI,LAKI-LAKI,45-59 TAHUN,0,ORANG,2021
441,32,JAWA BARAT,3216,KABUPATEN BEKASI,LAKI-LAKI,60+ TAHUN,0,ORANG,2021
442,32,JAWA BARAT,3216,KABUPATEN BEKASI,PEREMPUAN,0-5 TAHUN,3,ORANG,2021
443,32,JAWA BARAT,3216,KABUPATEN BEKASI,PEREMPUAN,6-12 TAHUN,0,ORANG,2021
444,32,JAWA BARAT,3216,KABUPATEN BEKASI,PEREMPUAN,13-17 TAHUN,1,ORANG,2021
445,32,JAWA BARAT,3216,KABUPATEN BEKASI,PEREMPUAN,18-24 TAHUN,7,ORANG,2021
446,32,JAWA BARAT,3216,KABUPATEN BEKASI,PEREMPUAN,25-44 TAHUN,10,ORANG,2021
447,32,JAWA BARAT,3216,KABUPATEN BEKASI,PEREMPUAN,45-59 TAHUN,0,ORANG,2021
448,32,JAWA BARAT,3216,KABUPATEN BEKASI,PEREMPUAN,60+ TAHUN,0,ORANG,2021
449,32,JAWA BARAT,3217,KABUPATEN BANDUNG BARAT,LAKI-LAKI,0-5 TAHUN,2,ORANG,2018
450,32,JAWA BARAT,3217,KABUPATEN BANDUNG BARAT,LAKI-LAKI,6-12 TAHUN,2,ORANG,2018
451,32,JAWA BARAT,3217,KABUPATEN BANDUNG BARAT,LAKI-LAKI,13-17 TAHUN,0,ORANG,2018
452,32,JAWA BARAT,3217,KABUPATEN BANDUNG BARAT,LAKI-LAKI,18-24 TAHUN,0,ORANG,2018
453,32,JAWA BARAT,3217,KABUPATEN BANDUNG BARAT,LAKI-LAKI,25-44 TAHUN,0,ORANG,2018
454,32,JAWA BARAT,3217,KABUPATEN BANDUNG BARAT,LAKI-LAKI,45-59 TAHUN,0,ORANG,2018
455,32,JAWA BARAT,3217,KABUPATEN BANDUNG BARAT,LAKI-LAKI,60+ TAHUN,0,ORANG,2018
456,32,JAWA BARAT,3217,KABUPATEN BANDUNG BARAT,PEREMPUAN,0-5 TAHUN,2,ORANG,2018
457,32,JAWA BARAT,3217,KABUPATEN BANDUNG BARAT,PEREMPUAN,6-12 TAHUN,3,ORANG,2018
458,32,JAWA BARAT,3217,KABUPATEN BANDUNG BARAT,PEREMPUAN,13-17 TAHUN,2,ORANG,2018
459,32,JAWA BARAT,3217,KABUPATEN BANDUNG BARAT,PEREMPUAN,18-24 TAHUN,1,ORANG,2018
460,32,JAWA BARAT,3217,KABUPATEN BANDUNG BARAT,PEREMPUAN,25-44 TAHUN,3,ORANG,2018
461,32,JAWA BARAT,3217,KABUPATEN BANDUNG BARAT,PEREMPUAN,45-59 TAHUN,0,ORANG,2018
462,32,JAWA BARAT,3217,KABUPATEN BANDUNG BARAT,PEREMPUAN,60+ TAHUN,0,ORANG,2018
463,32,JAWA BARAT,3217,KABUPATEN BANDUNG BARAT,LAKI-LAKI,0-5 TAHUN,0,ORANG,2021
464,32,JAWA BARAT,3217,KABUPATEN BANDUNG BARAT,LAKI-LAKI,6-12 TAHUN,0,ORANG,2021
465,32,JAWA BARAT,3217,KABUPATEN BANDUNG BARAT,LAKI-LAKI,13-17 TAHUN,0,ORANG,2021
466,32,JAWA BARAT,3217,KABUPATEN BANDUNG BARAT,LAKI-LAKI,18-24 TAHUN,0,ORANG,2021
467,32,JAWA BARAT,3217,KABUPATEN BANDUNG BARAT,LAKI-LAKI,25-44 TAHUN,0,ORANG,2021
468,32,JAWA BARAT,3217,KABUPATEN BANDUNG BARAT,LAKI-LAKI,45-59 TAHUN,0,ORANG,2021
469,32,JAWA BARAT,3217,KABUPATEN BANDUNG BARAT,LAKI-LAKI,60+ TAHUN,0,ORANG,2021
470,32,JAWA BARAT,3217,KABUPATEN BANDUNG BARAT,PEREMPUAN,0-5 TAHUN,2,ORANG,2021
471,32,JAWA BARAT,3217,KABUPATEN BANDUNG BARAT,PEREMPUAN,6-12 TAHUN,0,ORANG,2021
472,32,JAWA BARAT,3217,KABUPATEN BANDUNG BARAT,PEREMPUAN,13-17 TAHUN,2,ORANG,2021
473,32,JAWA BARAT,3217,KABUPATEN BANDUNG BARAT,PEREMPUAN,18-24 TAHUN,3,ORANG,2021
474,32,JAWA BARAT,3217,KABUPATEN BANDUNG BARAT,PEREMPUAN,25-44 TAHUN,0,ORANG,2021
475,32,JAWA BARAT,3217,KABUPATEN BANDUNG BARAT,PEREMPUAN,45-59 TAHUN,0,ORANG,2021
476,32,JAWA BARAT,3217,KABUPATEN BANDUNG BARAT,PEREMPUAN,60+ TAHUN,0,ORANG,2021
477,32,JAWA BARAT,3218,KABUPATEN PANGANDARAN,LAKI-LAKI,0-5 TAHUN,0,ORANG,2018
478,32,JAWA BARAT,3218,KABUPATEN PANGANDARAN,LAKI-LAKI,6-12 TAHUN,0,ORANG,2018
479,32,JAWA BARAT,3218,KABUPATEN PANGANDARAN,LAKI-LAKI,13-17 TAHUN,0,ORANG,2018
480,32,JAWA BARAT,3218,KABUPATEN PANGANDARAN,LAKI-LAKI,18-24 TAHUN,0,ORANG,2018
481,32,JAWA BARAT,3218,KABUPATEN PANGANDARAN,LAKI-LAKI,25-44 TAHUN,0,ORANG,2018
482,32,JAWA BARAT,3218,KABUPATEN PANGANDARAN,LAKI-LAKI,45-59 TAHUN,0,ORANG,2018
483,32,JAWA BARAT,3218,KABUPATEN PANGANDARAN,LAKI-LAKI,60+ TAHUN,0,ORANG,2018
484,32,JAWA BARAT,3218,KABUPATEN PANGANDARAN,PEREMPUAN,0-5 TAHUN,0,ORANG,2018
485,32,JAWA BARAT,3218,KABUPATEN PANGANDARAN,PEREMPUAN,6-12 TAHUN,2,ORANG,2018
486,32,JAWA BARAT,3218,KABUPATEN PANGANDARAN,PEREMPUAN,13-17 TAHUN,0,ORANG,2018
487,32,JAWA BARAT,3218,KABUPATEN PANGANDARAN,PEREMPUAN,18-24 TAHUN,0,ORANG,2018
488,32,JAWA BARAT,3218,KABUPATEN PANGANDARAN,PEREMPUAN,25-44 TAHUN,1,ORANG,2018
489,32,JAWA BARAT,3218,KABUPATEN PANGANDARAN,PEREMPUAN,45-59 TAHUN,0,ORANG,2018
490,32,JAWA BARAT,3218,KABUPATEN PANGANDARAN,PEREMPUAN,60+ TAHUN,0,ORANG,2018
491,32,JAWA BARAT,3218,KABUPATEN PANGANDARAN,LAKI-LAKI,0-5 TAHUN,0,ORANG,2021
492,32,JAWA BARAT,3218,KABUPATEN PANGANDARAN,LAKI-LAKI,6-12 TAHUN,0,ORANG,2021
493,32,JAWA BARAT,3218,KABUPATEN PANGANDARAN,LAKI-LAKI,13-17 TAHUN,0,ORANG,2021
494,32,JAWA BARAT,3218,KABUPATEN PANGANDARAN,LAKI-LAKI,18-24 TAHUN,0,ORANG,2021
495,32,JAWA BARAT,3218,KABUPATEN PANGANDARAN,LAKI-LAKI,25-44 TAHUN,0,ORANG,2021
496,32,JAWA BARAT,3218,KABUPATEN PANGANDARAN,LAKI-LAKI,45-59 TAHUN,0,ORANG,2021
497,32,JAWA BARAT,3218,KABUPATEN PANGANDARAN,LAKI-LAKI,60+ TAHUN,0,ORANG,2021
498,32,JAWA BARAT,3218,KABUPATEN PANGANDARAN,PEREMPUAN,0-5 TAHUN,0,ORANG,2021
499,32,JAWA BARAT,3218,KABUPATEN PANGANDARAN,PEREMPUAN,6-12 TAHUN,1,ORANG,2021
500,32,JAWA BARAT,3218,KABUPATEN PANGANDARAN,PEREMPUAN,13-17 TAHUN,2,ORANG,2021
501,32,JAWA BARAT,3218,KABUPATEN PANGANDARAN,PEREMPUAN,18-24 TAHUN,0,ORANG,2021
502,32,JAWA BARAT,3218,KABUPATEN PANGANDARAN,PEREMPUAN,25-44 TAHUN,0,ORANG,2021
503,32,JAWA BARAT,3218,KABUPATEN PANGANDARAN,PEREMPUAN,45-59 TAHUN,0,ORANG,2021
504,32,JAWA BARAT,3218,KABUPATEN PANGANDARAN,PEREMPUAN,60+ TAHUN,0,ORANG,2021
505,32,JAWA BARAT,3271,KOTA BOGOR,LAKI-LAKI,0-5 TAHUN,0,ORANG,2018
506,32,JAWA BARAT,3271,KOTA BOGOR,LAKI-LAKI,6-12 TAHUN,2,ORANG,2018
507,32,JAWA BARAT,3271,KOTA BOGOR,LAKI-LAKI,13-17 TAHUN,0,ORANG,2018
508,32,JAWA BARAT,3271,KOTA BOGOR,LAKI-LAKI,18-24 TAHUN,0,ORANG,2018
509,32,JAWA BARAT,3271,KOTA BOGOR,LAKI-LAKI,25-44 TAHUN,0,ORANG,2018
510,32,JAWA BARAT,3271,KOTA BOGOR,LAKI-LAKI,45-59 TAHUN,0,ORANG,2018
511,32,JAWA BARAT,3271,KOTA BOGOR,LAKI-LAKI,60+ TAHUN,0,ORANG,2018
512,32,JAWA BARAT,3271,KOTA BOGOR,PEREMPUAN,0-5 TAHUN,0,ORANG,2018
513,32,JAWA BARAT,3271,KOTA BOGOR,PEREMPUAN,6-12 TAHUN,5,ORANG,2018
514,32,JAWA BARAT,3271,KOTA BOGOR,PEREMPUAN,13-17 TAHUN,4,ORANG,2018
515,32,JAWA BARAT,3271,KOTA BOGOR,PEREMPUAN,18-24 TAHUN,1,ORANG,2018
516,32,JAWA BARAT,3271,KOTA BOGOR,PEREMPUAN,25-44 TAHUN,1,ORANG,2018
517,32,JAWA BARAT,3271,KOTA BOGOR,PEREMPUAN,45-59 TAHUN,0,ORANG,2018
518,32,JAWA BARAT,3271,KOTA BOGOR,PEREMPUAN,60+ TAHUN,0,ORANG,2018
519,32,JAWA BARAT,3271,KOTA BOGOR,LAKI-LAKI,0-5 TAHUN,0,ORANG,2021
520,32,JAWA BARAT,3271,KOTA BOGOR,LAKI-LAKI,6-12 TAHUN,2,ORANG,2021
521,32,JAWA BARAT,3271,KOTA BOGOR,LAKI-LAKI,13-17 TAHUN,1,ORANG,2021
522,32,JAWA BARAT,3271,KOTA BOGOR,LAKI-LAKI,18-24 TAHUN,0,ORANG,2021
523,32,JAWA BARAT,3271,KOTA BOGOR,LAKI-LAKI,25-44 TAHUN,0,ORANG,2021
524,32,JAWA BARAT,3271,KOTA BOGOR,LAKI-LAKI,45-59 TAHUN,0,ORANG,2021
525,32,JAWA BARAT,3271,KOTA BOGOR,LAKI-LAKI,60+ TAHUN,0,ORANG,2021
526,32,JAWA BARAT,3271,KOTA BOGOR,PEREMPUAN,0-5 TAHUN,1,ORANG,2021
527,32,JAWA BARAT,3271,KOTA BOGOR,PEREMPUAN,6-12 TAHUN,0,ORANG,2021
528,32,JAWA BARAT,3271,KOTA BOGOR,PEREMPUAN,13-17 TAHUN,6,ORANG,2021
529,32,JAWA BARAT,3271,KOTA BOGOR,PEREMPUAN,18-24 TAHUN,3,ORANG,2021
530,32,JAWA BARAT,3271,KOTA BOGOR,PEREMPUAN,25-44 TAHUN,11,ORANG,2021
531,32,JAWA BARAT,3271,KOTA BOGOR,PEREMPUAN,45-59 TAHUN,4,ORANG,2021
532,32,JAWA BARAT,3271,KOTA BOGOR,PEREMPUAN,60+ TAHUN,0,ORANG,2021
533,32,JAWA BARAT,3272,KOTA SUKABUMI,LAKI-LAKI,0-5 TAHUN,1,ORANG,2018
534,32,JAWA BARAT,3272,KOTA SUKABUMI,LAKI-LAKI,6-12 TAHUN,9,ORANG,2018
535,32,JAWA BARAT,3272,KOTA SUKABUMI,LAKI-LAKI,13-17 TAHUN,2,ORANG,2018
536,32,JAWA BARAT,3272,KOTA SUKABUMI,LAKI-LAKI,18-24 TAHUN,0,ORANG,2018
537,32,JAWA BARAT,3272,KOTA SUKABUMI,LAKI-LAKI,25-44 TAHUN,0,ORANG,2018
538,32,JAWA BARAT,3272,KOTA SUKABUMI,LAKI-LAKI,45-59 TAHUN,0,ORANG,2018
539,32,JAWA BARAT,3272,KOTA SUKABUMI,LAKI-LAKI,60+ TAHUN,0,ORANG,2018
540,32,JAWA BARAT,3272,KOTA SUKABUMI,PEREMPUAN,0-5 TAHUN,0,ORANG,2018
541,32,JAWA BARAT,3272,KOTA SUKABUMI,PEREMPUAN,6-12 TAHUN,3,ORANG,2018
542,32,JAWA BARAT,3272,KOTA SUKABUMI,PEREMPUAN,13-17 TAHUN,7,ORANG,2018
543,32,JAWA BARAT,3272,KOTA SUKABUMI,PEREMPUAN,18-24 TAHUN,1,ORANG,2018
544,32,JAWA BARAT,3272,KOTA SUKABUMI,PEREMPUAN,25-44 TAHUN,6,ORANG,2018
545,32,JAWA BARAT,3272,KOTA SUKABUMI,PEREMPUAN,45-59 TAHUN,0,ORANG,2018
546,32,JAWA BARAT,3272,KOTA SUKABUMI,PEREMPUAN,60+ TAHUN,0,ORANG,2018
547,32,JAWA BARAT,3272,KOTA SUKABUMI,LAKI-LAKI,0-5 TAHUN,0,ORANG,2021
548,32,JAWA BARAT,3272,KOTA SUKABUMI,LAKI-LAKI,6-12 TAHUN,0,ORANG,2021
549,32,JAWA BARAT,3272,KOTA SUKABUMI,LAKI-LAKI,13-17 TAHUN,0,ORANG,2021
550,32,JAWA BARAT,3272,KOTA SUKABUMI,LAKI-LAKI,18-24 TAHUN,0,ORANG,2021
551,32,JAWA BARAT,3272,KOTA SUKABUMI,LAKI-LAKI,25-44 TAHUN,0,ORANG,2021
552,32,JAWA BARAT,3272,KOTA SUKABUMI,LAKI-LAKI,45-59 TAHUN,0,ORANG,2021
553,32,JAWA BARAT,3272,KOTA SUKABUMI,LAKI-LAKI,60+ TAHUN,0,ORANG,2021
554,32,JAWA BARAT,3272,KOTA SUKABUMI,PEREMPUAN,0-5 TAHUN,1,ORANG,2021
555,32,JAWA BARAT,3272,KOTA SUKABUMI,PEREMPUAN,6-12 TAHUN,0,ORANG,2021
556,32,JAWA BARAT,3272,KOTA SUKABUMI,PEREMPUAN,13-17 TAHUN,3,ORANG,2021
557,32,JAWA BARAT,3272,KOTA SUKABUMI,PEREMPUAN,18-24 TAHUN,0,ORANG,2021
558,32,JAWA BARAT,3272,KOTA SUKABUMI,PEREMPUAN,25-44 TAHUN,4,ORANG,2021
559,32,JAWA BARAT,3272,KOTA SUKABUMI,PEREMPUAN,45-59 TAHUN,0,ORANG,2021
560,32,JAWA BARAT,3272,KOTA SUKABUMI,PEREMPUAN,60+ TAHUN,0,ORANG,2021
561,32,JAWA BARAT,3273,KOTA BANDUNG,LAKI-LAKI,0-5 TAHUN,2,ORANG,2018
562,32,JAWA BARAT,3273,KOTA BANDUNG,LAKI-LAKI,6-12 TAHUN,5,ORANG,2018
563,32,JAWA BARAT,3273,KOTA BANDUNG,LAKI-LAKI,13-17 TAHUN,1,ORANG,2018
564,32,JAWA BARAT,3273,KOTA BANDUNG,LAKI-LAKI,18-24 TAHUN,0,ORANG,2018
565,32,JAWA BARAT,3273,KOTA BANDUNG,LAKI-LAKI,25-44 TAHUN,2,ORANG,2018
566,32,JAWA BARAT,3273,KOTA BANDUNG,LAKI-LAKI,45-59 TAHUN,0,ORANG,2018
567,32,JAWA BARAT,3273,KOTA BANDUNG,LAKI-LAKI,60+ TAHUN,0,ORANG,2018
568,32,JAWA BARAT,3273,KOTA BANDUNG,PEREMPUAN,0-5 TAHUN,1,ORANG,2018
569,32,JAWA BARAT,3273,KOTA BANDUNG,PEREMPUAN,6-12 TAHUN,5,ORANG,2018
570,32,JAWA BARAT,3273,KOTA BANDUNG,PEREMPUAN,13-17 TAHUN,9,ORANG,2018
571,32,JAWA BARAT,3273,KOTA BANDUNG,PEREMPUAN,18-24 TAHUN,5,ORANG,2018
572,32,JAWA BARAT,3273,KOTA BANDUNG,PEREMPUAN,25-44 TAHUN,10,ORANG,2018
573,32,JAWA BARAT,3273,KOTA BANDUNG,PEREMPUAN,45-59 TAHUN,4,ORANG,2018
574,32,JAWA BARAT,3273,KOTA BANDUNG,PEREMPUAN,60+ TAHUN,1,ORANG,2018
575,32,JAWA BARAT,3273,KOTA BANDUNG,LAKI-LAKI,0-5 TAHUN,1,ORANG,2021
576,32,JAWA BARAT,3273,KOTA BANDUNG,LAKI-LAKI,6-12 TAHUN,0,ORANG,2021
577,32,JAWA BARAT,3273,KOTA BANDUNG,LAKI-LAKI,13-17 TAHUN,2,ORANG,2021
578,32,JAWA BARAT,3273,KOTA BANDUNG,LAKI-LAKI,18-24 TAHUN,0,ORANG,2021
579,32,JAWA BARAT,3273,KOTA BANDUNG,LAKI-LAKI,25-44 TAHUN,1,ORANG,2021
580,32,JAWA BARAT,3273,KOTA BANDUNG,LAKI-LAKI,45-59 TAHUN,1,ORANG,2021
581,32,JAWA BARAT,3273,KOTA BANDUNG,LAKI-LAKI,60+ TAHUN,0,ORANG,2021
582,32,JAWA BARAT,3273,KOTA BANDUNG,PEREMPUAN,0-5 TAHUN,3,ORANG,2021
583,32,JAWA BARAT,3273,KOTA BANDUNG,PEREMPUAN,6-12 TAHUN,7,ORANG,2021
584,32,JAWA BARAT,3273,KOTA BANDUNG,PEREMPUAN,13-17 TAHUN,14,ORANG,2021
585,32,JAWA BARAT,3273,KOTA BANDUNG,PEREMPUAN,18-24 TAHUN,10,ORANG,2021
586,32,JAWA BARAT,3273,KOTA BANDUNG,PEREMPUAN,25-44 TAHUN,21,ORANG,2021
587,32,JAWA BARAT,3273,KOTA BANDUNG,PEREMPUAN,45-59 TAHUN,4,ORANG,2021
588,32,JAWA BARAT,3273,KOTA BANDUNG,PEREMPUAN,60+ TAHUN,0,ORANG,2021
589,32,JAWA BARAT,3274,KOTA CIREBON,LAKI-LAKI,0-5 TAHUN,0,ORANG,2018
590,32,JAWA BARAT,3274,KOTA CIREBON,LAKI-LAKI,6-12 TAHUN,7,ORANG,2018
591,32,JAWA BARAT,3274,KOTA CIREBON,LAKI-LAKI,13-17 TAHUN,1,ORANG,2018
592,32,JAWA BARAT,3274,KOTA CIREBON,LAKI-LAKI,18-24 TAHUN,0,ORANG,2018
593,32,JAWA BARAT,3274,KOTA CIREBON,LAKI-LAKI,25-44 TAHUN,0,ORANG,2018
594,32,JAWA BARAT,3274,KOTA CIREBON,LAKI-LAKI,45-59 TAHUN,0,ORANG,2018
595,32,JAWA BARAT,3274,KOTA CIREBON,LAKI-LAKI,60+ TAHUN,0,ORANG,2018
596,32,JAWA BARAT,3274,KOTA CIREBON,PEREMPUAN,0-5 TAHUN,0,ORANG,2018
597,32,JAWA BARAT,3274,KOTA CIREBON,PEREMPUAN,6-12 TAHUN,0,ORANG,2018
598,32,JAWA BARAT,3274,KOTA CIREBON,PEREMPUAN,13-17 TAHUN,0,ORANG,2018
599,32,JAWA BARAT,3274,KOTA CIREBON,PEREMPUAN,18-24 TAHUN,0,ORANG,2018
600,32,JAWA BARAT,3274,KOTA CIREBON,PEREMPUAN,25-44 TAHUN,0,ORANG,2018
601,32,JAWA BARAT,3274,KOTA CIREBON,PEREMPUAN,45-59 TAHUN,0,ORANG,2018
602,32,JAWA BARAT,3274,KOTA CIREBON,PEREMPUAN,60+ TAHUN,0,ORANG,2018
603,32,JAWA BARAT,3274,KOTA CIREBON,LAKI-LAKI,0-5 TAHUN,0,ORANG,2021
604,32,JAWA BARAT,3274,KOTA CIREBON,LAKI-LAKI,6-12 TAHUN,1,ORANG,2021
605,32,JAWA BARAT,3274,KOTA CIREBON,LAKI-LAKI,13-17 TAHUN,0,ORANG,2021
606,32,JAWA BARAT,3274,KOTA CIREBON,LAKI-LAKI,18-24 TAHUN,0,ORANG,2021
607,32,JAWA BARAT,3274,KOTA CIREBON,LAKI-LAKI,25-44 TAHUN,0,ORANG,2021
608,32,JAWA BARAT,3274,KOTA CIREBON,LAKI-LAKI,45-59 TAHUN,0,ORANG,2021
609,32,JAWA BARAT,3274,KOTA CIREBON,LAKI-LAKI,60+ TAHUN,0,ORANG,2021
610,32,JAWA BARAT,3274,KOTA CIREBON,PEREMPUAN,0-5 TAHUN,0,ORANG,2021
611,32,JAWA BARAT,3274,KOTA CIREBON,PEREMPUAN,6-12 TAHUN,0,ORANG,2021
612,32,JAWA BARAT,3274,KOTA CIREBON,PEREMPUAN,13-17 TAHUN,0,ORANG,2021
613,32,JAWA BARAT,3274,KOTA CIREBON,PEREMPUAN,18-24 TAHUN,0,ORANG,2021
614,32,JAWA BARAT,3274,KOTA CIREBON,PEREMPUAN,25-44 TAHUN,0,ORANG,2021
615,32,JAWA BARAT,3274,KOTA CIREBON,PEREMPUAN,45-59 TAHUN,0,ORANG,2021
616,32,JAWA BARAT,3274,KOTA CIREBON,PEREMPUAN,60+ TAHUN,0,ORANG,2021
617,32,JAWA BARAT,3275,KOTA BEKASI,LAKI-LAKI,0-5 TAHUN,0,ORANG,2018
618,32,JAWA BARAT,3275,KOTA BEKASI,LAKI-LAKI,6-12 TAHUN,1,ORANG,2018
619,32,JAWA BARAT,3275,KOTA BEKASI,LAKI-LAKI,13-17 TAHUN,0,ORANG,2018
620,32,JAWA BARAT,3275,KOTA BEKASI,LAKI-LAKI,18-24 TAHUN,0,ORANG,2018
621,32,JAWA BARAT,3275,KOTA BEKASI,LAKI-LAKI,25-44 TAHUN,0,ORANG,2018
622,32,JAWA BARAT,3275,KOTA BEKASI,LAKI-LAKI,45-59 TAHUN,0,ORANG,2018
623,32,JAWA BARAT,3275,KOTA BEKASI,LAKI-LAKI,60+ TAHUN,0,ORANG,2018
624,32,JAWA BARAT,3275,KOTA BEKASI,PEREMPUAN,0-5 TAHUN,0,ORANG,2018
625,32,JAWA BARAT,3275,KOTA BEKASI,PEREMPUAN,6-12 TAHUN,0,ORANG,2018
626,32,JAWA BARAT,3275,KOTA BEKASI,PEREMPUAN,13-17 TAHUN,1,ORANG,2018
627,32,JAWA BARAT,3275,KOTA BEKASI,PEREMPUAN,18-24 TAHUN,0,ORANG,2018
628,32,JAWA BARAT,3275,KOTA BEKASI,PEREMPUAN,25-44 TAHUN,1,ORANG,2018
629,32,JAWA BARAT,3275,KOTA BEKASI,PEREMPUAN,45-59 TAHUN,0,ORANG,2018
630,32,JAWA BARAT,3275,KOTA BEKASI,PEREMPUAN,60+ TAHUN,0,ORANG,2018
631,32,JAWA BARAT,3275,KOTA BEKASI,LAKI-LAKI,0-5 TAHUN,0,ORANG,2021
632,32,JAWA BARAT,3275,KOTA BEKASI,LAKI-LAKI,6-12 TAHUN,0,ORANG,2021
633,32,JAWA BARAT,3275,KOTA BEKASI,LAKI-LAKI,13-17 TAHUN,0,ORANG,2021
634,32,JAWA BARAT,3275,KOTA BEKASI,LAKI-LAKI,18-24 TAHUN,0,ORANG,2021
635,32,JAWA BARAT,3275,KOTA BEKASI,LAKI-LAKI,25-44 TAHUN,0,ORANG,2021
636,32,JAWA BARAT,3275,KOTA BEKASI,LAKI-LAKI,45-59 TAHUN,0,ORANG,2021
637,32,JAWA BARAT,3275,KOTA BEKASI,LAKI-LAKI,60+ TAHUN,0,ORANG,2021
638,32,JAWA BARAT,3275,KOTA BEKASI,PEREMPUAN,0-5 TAHUN,0,ORANG,2021
639,32,JAWA BARAT,3275,KOTA BEKASI,PEREMPUAN,6-12 TAHUN,2,ORANG,2021
640,32,JAWA BARAT,3275,KOTA BEKASI,PEREMPUAN,13-17 TAHUN,0,ORANG,2021
641,32,JAWA BARAT,3275,KOTA BEKASI,PEREMPUAN,18-24 TAHUN,0,ORANG,2021
642,32,JAWA BARAT,3275,KOTA BEKASI,PEREMPUAN,25-44 TAHUN,0,ORANG,2021
643,32,JAWA BARAT,3275,KOTA BEKASI,PEREMPUAN,45-59 TAHUN,0,ORANG,2021
644,32,JAWA BARAT,3275,KOTA BEKASI,PEREMPUAN,60+ TAHUN,0,ORANG,2021
645,32,JAWA BARAT,3276,KOTA DEPOK,LAKI-LAKI,0-5 TAHUN,0,ORANG,2018
646,32,JAWA BARAT,3276,KOTA DEPOK,LAKI-LAKI,6-12 TAHUN,1,ORANG,2018
647,32,JAWA BARAT,3276,KOTA DEPOK,LAKI-LAKI,13-17 TAHUN,2,ORANG,2018
648,32,JAWA BARAT,3276,KOTA DEPOK,LAKI-LAKI,18-24 TAHUN,0,ORANG,2018
649,32,JAWA BARAT,3276,KOTA DEPOK,LAKI-LAKI,25-44 TAHUN,0,ORANG,2018
650,32,JAWA BARAT,3276,KOTA DEPOK,LAKI-LAKI,45-59 TAHUN,0,ORANG,2018
651,32,JAWA BARAT,3276,KOTA DEPOK,LAKI-LAKI,60+ TAHUN,0,ORANG,2018
652,32,JAWA BARAT,3276,KOTA DEPOK,PEREMPUAN,0-5 TAHUN,0,ORANG,2018
653,32,JAWA BARAT,3276,KOTA DEPOK,PEREMPUAN,6-12 TAHUN,0,ORANG,2018
654,32,JAWA BARAT,3276,KOTA DEPOK,PEREMPUAN,13-17 TAHUN,3,ORANG,2018
655,32,JAWA BARAT,3276,KOTA DEPOK,PEREMPUAN,18-24 TAHUN,0,ORANG,2018
656,32,JAWA BARAT,3276,KOTA DEPOK,PEREMPUAN,25-44 TAHUN,2,ORANG,2018
657,32,JAWA BARAT,3276,KOTA DEPOK,PEREMPUAN,45-59 TAHUN,1,ORANG,2018
658,32,JAWA BARAT,3276,KOTA DEPOK,PEREMPUAN,60+ TAHUN,0,ORANG,2018
659,32,JAWA BARAT,3276,KOTA DEPOK,LAKI-LAKI,0-5 TAHUN,1,ORANG,2021
660,32,JAWA BARAT,3276,KOTA DEPOK,LAKI-LAKI,6-12 TAHUN,5,ORANG,2021
661,32,JAWA BARAT,3276,KOTA DEPOK,LAKI-LAKI,13-17 TAHUN,1,ORANG,2021
662,32,JAWA BARAT,3276,KOTA DEPOK,LAKI-LAKI,18-24 TAHUN,0,ORANG,2021
663,32,JAWA BARAT,3276,KOTA DEPOK,LAKI-LAKI,25-44 TAHUN,0,ORANG,2021
664,32,JAWA BARAT,3276,KOTA DEPOK,LAKI-LAKI,45-59 TAHUN,0,ORANG,2021
665,32,JAWA BARAT,3276,KOTA DEPOK,LAKI-LAKI,60+ TAHUN,0,ORANG,2021
666,32,JAWA BARAT,3276,KOTA DEPOK,PEREMPUAN,0-5 TAHUN,3,ORANG,2021
667,32,JAWA BARAT,3276,KOTA DEPOK,PEREMPUAN,6-12 TAHUN,12,ORANG,2021
668,32,JAWA BARAT,3276,KOTA DEPOK,PEREMPUAN,13-17 TAHUN,13,ORANG,2021
669,32,JAWA BARAT,3276,KOTA DEPOK,PEREMPUAN,18-24 TAHUN,8,ORANG,2021
670,32,JAWA BARAT,3276,KOTA DEPOK,PEREMPUAN,25-44 TAHUN,33,ORANG,2021
671,32,JAWA BARAT,3276,KOTA DEPOK,PEREMPUAN,45-59 TAHUN,8,ORANG,2021
672,32,JAWA BARAT,3276,KOTA DEPOK,PEREMPUAN,60+ TAHUN,0,ORANG,2021
673,32,JAWA BARAT,3277,KOTA CIMAHI,LAKI-LAKI,0-5 TAHUN,0,ORANG,2018
674,32,JAWA BARAT,3277,KOTA CIMAHI,LAKI-LAKI,6-12 TAHUN,2,ORANG,2018
675,32,JAWA BARAT,3277,KOTA CIMAHI,LAKI-LAKI,13-17 TAHUN,2,ORANG,2018
676,32,JAWA BARAT,3277,KOTA CIMAHI,LAKI-LAKI,18-24 TAHUN,0,ORANG,2018
677,32,JAWA BARAT,3277,KOTA CIMAHI,LAKI-LAKI,25-44 TAHUN,0,ORANG,2018
678,32,JAWA BARAT,3277,KOTA CIMAHI,LAKI-LAKI,45-59 TAHUN,0,ORANG,2018
679,32,JAWA BARAT,3277,KOTA CIMAHI,LAKI-LAKI,60+ TAHUN,0,ORANG,2018
680,32,JAWA BARAT,3277,KOTA CIMAHI,PEREMPUAN,0-5 TAHUN,0,ORANG,2018
681,32,JAWA BARAT,3277,KOTA CIMAHI,PEREMPUAN,6-12 TAHUN,5,ORANG,2018
682,32,JAWA BARAT,3277,KOTA CIMAHI,PEREMPUAN,13-17 TAHUN,2,ORANG,2018
683,32,JAWA BARAT,3277,KOTA CIMAHI,PEREMPUAN,18-24 TAHUN,1,ORANG,2018
684,32,JAWA BARAT,3277,KOTA CIMAHI,PEREMPUAN,25-44 TAHUN,4,ORANG,2018
685,32,JAWA BARAT,3277,KOTA CIMAHI,PEREMPUAN,45-59 TAHUN,0,ORANG,2018
686,32,JAWA BARAT,3277,KOTA CIMAHI,PEREMPUAN,60+ TAHUN,0,ORANG,2018
687,32,JAWA BARAT,3277,KOTA CIMAHI,LAKI-LAKI,0-5 TAHUN,0,ORANG,2021
688,32,JAWA BARAT,3277,KOTA CIMAHI,LAKI-LAKI,6-12 TAHUN,0,ORANG,2021
689,32,JAWA BARAT,3277,KOTA CIMAHI,LAKI-LAKI,13-17 TAHUN,0,ORANG,2021
690,32,JAWA BARAT,3277,KOTA CIMAHI,LAKI-LAKI,18-24 TAHUN,0,ORANG,2021
691,32,JAWA BARAT,3277,KOTA CIMAHI,LAKI-LAKI,25-44 TAHUN,0,ORANG,2021
692,32,JAWA BARAT,3277,KOTA CIMAHI,LAKI-LAKI,45-59 TAHUN,0,ORANG,2021
693,32,JAWA BARAT,3277,KOTA CIMAHI,LAKI-LAKI,60+ TAHUN,0,ORANG,2021
694,32,JAWA BARAT,3277,KOTA CIMAHI,PEREMPUAN,0-5 TAHUN,0,ORANG,2021
695,32,JAWA BARAT,3277,KOTA CIMAHI,PEREMPUAN,6-12 TAHUN,1,ORANG,2021
696,32,JAWA BARAT,3277,KOTA CIMAHI,PEREMPUAN,13-17 TAHUN,0,ORANG,2021
697,32,JAWA BARAT,3277,KOTA CIMAHI,PEREMPUAN,18-24 TAHUN,0,ORANG,2021
698,32,JAWA BARAT,3277,KOTA CIMAHI,PEREMPUAN,25-44 TAHUN,1,ORANG,2021
699,32,JAWA BARAT,3277,KOTA CIMAHI,PEREMPUAN,45-59 TAHUN,0,ORANG,2021
700,32,JAWA BARAT,3277,KOTA CIMAHI,PEREMPUAN,60+ TAHUN,0,ORANG,2021
701,32,JAWA BARAT,3278,KOTA TASIKMALAYA,LAKI-LAKI,0-5 TAHUN,0,ORANG,2018
702,32,JAWA BARAT,3278,KOTA TASIKMALAYA,LAKI-LAKI,6-12 TAHUN,0,ORANG,2018
703,32,JAWA BARAT,3278,KOTA TASIKMALAYA,LAKI-LAKI,13-17 TAHUN,1,ORANG,2018
704,32,JAWA BARAT,3278,KOTA TASIKMALAYA,LAKI-LAKI,18-24 TAHUN,0,ORANG,2018
705,32,JAWA BARAT,3278,KOTA TASIKMALAYA,LAKI-LAKI,25-44 TAHUN,1,ORANG,2018
706,32,JAWA BARAT,3278,KOTA TASIKMALAYA,LAKI-LAKI,45-59 TAHUN,0,ORANG,2018
707,32,JAWA BARAT,3278,KOTA TASIKMALAYA,LAKI-LAKI,60+ TAHUN,0,ORANG,2018
708,32,JAWA BARAT,3278,KOTA TASIKMALAYA,PEREMPUAN,0-5 TAHUN,0,ORANG,2018
709,32,JAWA BARAT,3278,KOTA TASIKMALAYA,PEREMPUAN,6-12 TAHUN,3,ORANG,2018
710,32,JAWA BARAT,3278,KOTA TASIKMALAYA,PEREMPUAN,13-17 TAHUN,2,ORANG,2018
711,32,JAWA BARAT,3278,KOTA TASIKMALAYA,PEREMPUAN,18-24 TAHUN,1,ORANG,2018
712,32,JAWA BARAT,3278,KOTA TASIKMALAYA,PEREMPUAN,25-44 TAHUN,1,ORANG,2018
713,32,JAWA BARAT,3278,KOTA TASIKMALAYA,PEREMPUAN,45-59 TAHUN,1,ORANG,2018
714,32,JAWA BARAT,3278,KOTA TASIKMALAYA,PEREMPUAN,60+ TAHUN,0,ORANG,2018
715,32,JAWA BARAT,3278,KOTA TASIKMALAYA,LAKI-LAKI,0-5 TAHUN,0,ORANG,2021
716,32,JAWA BARAT,3278,KOTA TASIKMALAYA,LAKI-LAKI,6-12 TAHUN,0,ORANG,2021
717,32,JAWA BARAT,3278,KOTA TASIKMALAYA,LAKI-LAKI,13-17 TAHUN,0,ORANG,2021
718,32,JAWA BARAT,3278,KOTA TASIKMALAYA,LAKI-LAKI,18-24 TAHUN,0,ORANG,2021
719,32,JAWA BARAT,3278,KOTA TASIKMALAYA,LAKI-LAKI,25-44 TAHUN,0,ORANG,2021
720,32,JAWA BARAT,3278,KOTA TASIKMALAYA,LAKI-LAKI,45-59 TAHUN,0,ORANG,2021
721,32,JAWA BARAT,3278,KOTA TASIKMALAYA,LAKI-LAKI,60+ TAHUN,0,ORANG,2021
722,32,JAWA BARAT,3278,KOTA TASIKMALAYA,PEREMPUAN,0-5 TAHUN,0,ORANG,2021
723,32,JAWA BARAT,3278,KOTA TASIKMALAYA,PEREMPUAN,6-12 TAHUN,1,ORANG,2021
724,32,JAWA BARAT,3278,KOTA TASIKMALAYA,PEREMPUAN,13-17 TAHUN,0,ORANG,2021
725,32,JAWA BARAT,3278,KOTA TASIKMALAYA,PEREMPUAN,18-24 TAHUN,0,ORANG,2021
726,32,JAWA BARAT,3278,KOTA TASIKMALAYA,PEREMPUAN,25-44 TAHUN,0,ORANG,2021
727,32,JAWA BARAT,3278,KOTA TASIKMALAYA,PEREMPUAN,45-59 TAHUN,0,ORANG,2021
728,32,JAWA BARAT,3278,KOTA TASIKMALAYA,PEREMPUAN,60+ TAHUN,0,ORANG,2021
729,32,JAWA BARAT,3279,KOTA BANJAR,LAKI-LAKI,0-5 TAHUN,0,ORANG,2018
730,32,JAWA BARAT,3279,KOTA BANJAR,LAKI-LAKI,6-12 TAHUN,1,ORANG,2018
731,32,JAWA BARAT,3279,KOTA BANJAR,LAKI-LAKI,13-17 TAHUN,5,ORANG,2018
732,32,JAWA BARAT,3279,KOTA BANJAR,LAKI-LAKI,18-24 TAHUN,0,ORANG,2018
733,32,JAWA BARAT,3279,KOTA BANJAR,LAKI-LAKI,25-44 TAHUN,0,ORANG,2018
734,32,JAWA BARAT,3279,KOTA BANJAR,LAKI-LAKI,45-59 TAHUN,0,ORANG,2018
735,32,JAWA BARAT,3279,KOTA BANJAR,LAKI-LAKI,60+ TAHUN,0,ORANG,2018
736,32,JAWA BARAT,3279,KOTA BANJAR,PEREMPUAN,0-5 TAHUN,1,ORANG,2018
737,32,JAWA BARAT,3279,KOTA BANJAR,PEREMPUAN,6-12 TAHUN,1,ORANG,2018
738,32,JAWA BARAT,3279,KOTA BANJAR,PEREMPUAN,13-17 TAHUN,5,ORANG,2018
739,32,JAWA BARAT,3279,KOTA BANJAR,PEREMPUAN,18-24 TAHUN,1,ORANG,2018
740,32,JAWA BARAT,3279,KOTA BANJAR,PEREMPUAN,25-44 TAHUN,1,ORANG,2018
741,32,JAWA BARAT,3279,KOTA BANJAR,PEREMPUAN,45-59 TAHUN,0,ORANG,2018
742,32,JAWA BARAT,3279,KOTA BANJAR,PEREMPUAN,60+ TAHUN,0,ORANG,2018
743,32,JAWA BARAT,3279,KOTA BANJAR,LAKI-LAKI,0-5 TAHUN,0,ORANG,2021
744,32,JAWA BARAT,3279,KOTA BANJAR,LAKI-LAKI,6-12 TAHUN,0,ORANG,2021
745,32,JAWA BARAT,3279,KOTA BANJAR,LAKI-LAKI,13-17 TAHUN,0,ORANG,2021
746,32,JAWA BARAT,3279,KOTA BANJAR,LAKI-LAKI,18-24 TAHUN,0,ORANG,2021
747,32,JAWA BARAT,3279,KOTA BANJAR,LAKI-LAKI,25-44 TAHUN,0,ORANG,2021
748,32,JAWA BARAT,3279,KOTA BANJAR,LAKI-LAKI,45-59 TAHUN,0,ORANG,2021
749,32,JAWA BARAT,3279,KOTA BANJAR,LAKI-LAKI,60+ TAHUN,0,ORANG,2021
750,32,JAWA BARAT,3279,KOTA BANJAR,PEREMPUAN,0-5 TAHUN,0,ORANG,2021
751,32,JAWA BARAT,3279,KOTA BANJAR,PEREMPUAN,6-12 TAHUN,1,ORANG,2021
752,32,JAWA BARAT,3279,KOTA BANJAR,PEREMPUAN,13-17 TAHUN,0,ORANG,2021
753,32,JAWA BARAT,3279,KOTA BANJAR,PEREMPUAN,18-24 TAHUN,0,ORANG,2021
754,32,JAWA BARAT,3279,KOTA BANJAR,PEREMPUAN,25-44 TAHUN,0,ORANG,2021
755,32,JAWA BARAT,3279,KOTA BANJAR,PEREMPUAN,45-59 TAHUN,0,ORANG,2021
756,32,JAWA BARAT,3279,KOTA BANJAR,PEREMPUAN,60+ TAHUN,0,ORANG,2021
